++ diff /lfs/h1/ops/prod/packages/gfs.v16.2.0/ecf/scripts/./gdas/wave/prep/jgdas_wave_prep.ecf /lfs/h2/emc/global/noscrub/Lin.Gan/git/feature-ops-wcoss2/ecf/scripts/./gdas/wave/prep/jgdas_wave_prep.ecf
29c29
< module load libjpeg/${libjpeg_ver}
---
> #module load libjpeg/${libjpeg_ver}
35c35
< module load grib_util/${grib_util_ver}
---
> #module load grib_util/${grib_util_ver}
++ diff /lfs/h1/ops/prod/packages/gfs.v16.2.0/ecf/scripts/./gdas/wave/init/jgdas_wave_init.ecf /lfs/h2/emc/global/noscrub/Lin.Gan/git/feature-ops-wcoss2/ecf/scripts/./gdas/wave/init/jgdas_wave_init.ecf
++ diff /lfs/h1/ops/prod/packages/gfs.v16.2.0/ecf/scripts/./gdas/wave/post/jgdas_wave_postsbs.ecf /lfs/h2/emc/global/noscrub/Lin.Gan/git/feature-ops-wcoss2/ecf/scripts/./gdas/wave/post/jgdas_wave_postsbs.ecf
++ diff /lfs/h1/ops/prod/packages/gfs.v16.2.0/ecf/scripts/./gdas/wave/post/jgdas_wave_postpnt.ecf /lfs/h2/emc/global/noscrub/Lin.Gan/git/feature-ops-wcoss2/ecf/scripts/./gdas/wave/post/jgdas_wave_postpnt.ecf
++ diff /lfs/h1/ops/prod/packages/gfs.v16.2.0/ecf/scripts/./gdas/jgdas_forecast.ecf /lfs/h2/emc/global/noscrub/Lin.Gan/git/feature-ops-wcoss2/ecf/scripts/./gdas/jgdas_forecast.ecf
28,30c28,30
< module load esmf/${esmf_ver}
< module load cfp/${cfp_ver}
< module load libjpeg/${libjpeg_ver}
---
> #module load esmf/${esmf_ver}
> #module load cfp/${cfp_ver}
> #module load libjpeg/${libjpeg_ver}
33c33
< module load grib_util/${grib_util_ver}
---
> #module load grib_util/${grib_util_ver}
42c42
< export USE_CFP=YES
---
> #export USE_CFP=YES
++ diff /lfs/h1/ops/prod/packages/gfs.v16.2.0/ecf/scripts/./gdas/atmos/obsproc/dump/jgdas_atmos_tropcy_qc_reloc.ecf /lfs/h2/emc/global/noscrub/Lin.Gan/git/feature-ops-wcoss2/ecf/scripts/./gdas/atmos/obsproc/dump/jgdas_atmos_tropcy_qc_reloc.ecf
32c32
< export USE_CFP=YES
---
> #export USE_CFP=YES
++ diff /lfs/h1/ops/prod/packages/gfs.v16.2.0/ecf/scripts/./gdas/atmos/obsproc/prep/jgdas_atmos_emcsfc_sfc_prep.ecf /lfs/h2/emc/global/noscrub/Lin.Gan/git/feature-ops-wcoss2/ecf/scripts/./gdas/atmos/obsproc/prep/jgdas_atmos_emcsfc_sfc_prep.ecf
32c32
< export USE_CFP=YES
---
> #export USE_CFP=YES
34a35,40
> 
> #### EMC developer only
> COMPONENT=atmos
> export COMOUT=${COMOUT:-$(compath.py -o ${envir}/${NET}/${gfs_ver})/${RUN}.${PDY}/${cyc}/$COMPONENT}
> ####
> 
++ diff /lfs/h1/ops/prod/packages/gfs.v16.2.0/ecf/scripts/./gdas/atmos/post_processing/jgdas_atmos_chgres_forenkf.ecf /lfs/h2/emc/global/noscrub/Lin.Gan/git/feature-ops-wcoss2/ecf/scripts/./gdas/atmos/post_processing/jgdas_atmos_chgres_forenkf.ecf
++ diff /lfs/h1/ops/prod/packages/gfs.v16.2.0/ecf/scripts/./gdas/atmos/analysis/jgdas_atmos_analysis.ecf /lfs/h2/emc/global/noscrub/Lin.Gan/git/feature-ops-wcoss2/ecf/scripts/./gdas/atmos/analysis/jgdas_atmos_analysis.ecf
++ diff /lfs/h1/ops/prod/packages/gfs.v16.2.0/ecf/scripts/./gdas/atmos/analysis/jgdas_atmos_analysis_diag.ecf /lfs/h2/emc/global/noscrub/Lin.Gan/git/feature-ops-wcoss2/ecf/scripts/./gdas/atmos/analysis/jgdas_atmos_analysis_diag.ecf
++ diff /lfs/h1/ops/prod/packages/gfs.v16.2.0/ecf/scripts/./gdas/atmos/analysis/jgdas_atmos_analysis_calc.ecf /lfs/h2/emc/global/noscrub/Lin.Gan/git/feature-ops-wcoss2/ecf/scripts/./gdas/atmos/analysis/jgdas_atmos_analysis_calc.ecf
39c39
< export USE_CFP=YES
---
> #export USE_CFP=YES
++ diff /lfs/h1/ops/prod/packages/gfs.v16.2.0/ecf/scripts/./gdas/atmos/verf/jgdas_atmos_vminmon.ecf /lfs/h2/emc/global/noscrub/Lin.Gan/git/feature-ops-wcoss2/ecf/scripts/./gdas/atmos/verf/jgdas_atmos_vminmon.ecf
37a38,41
> #### EMC developer only
> export COM_IN=${COM_IN:-$(compath.py -o ${envir}/${NET}/${gfs_ver})}
> ####
> 
++ diff /lfs/h1/ops/prod/packages/gfs.v16.2.0/ecf/scripts/./gdas/atmos/verf/jgdas_atmos_verfozn.ecf /lfs/h2/emc/global/noscrub/Lin.Gan/git/feature-ops-wcoss2/ecf/scripts/./gdas/atmos/verf/jgdas_atmos_verfozn.ecf
39a40,44
> #### EMC developer only
> export OZN_TANKDIR=${OZN_TANKDIR:-$(compath.py -o ${envir}/${NET}/${gfs_ver})}
> export COM_IN=${COM_IN:-$(compath.py -o ${envir}/${NET}/${gfs_ver})}
> ####
> 
++ diff /lfs/h1/ops/prod/packages/gfs.v16.2.0/ecf/scripts/./gdas/atmos/verf/jgdas_atmos_verfrad.ecf /lfs/h2/emc/global/noscrub/Lin.Gan/git/feature-ops-wcoss2/ecf/scripts/./gdas/atmos/verf/jgdas_atmos_verfrad.ecf
39a40,44
> #### EMC developer only
> export TANKverf=${TANKverf:-$(compath.py -o ${envir}/${NET}/${gfs_ver})}
> export COM_IN=${COM_IN:-$(compath.py -o ${envir}/${NET}/${gfs_ver})}
> ####
> 
++ diff /lfs/h1/ops/prod/packages/gfs.v16.2.0/ecf/scripts/./gdas/atmos/init/jgdas_atmos_gldas.ecf /lfs/h2/emc/global/noscrub/Lin.Gan/git/feature-ops-wcoss2/ecf/scripts/./gdas/atmos/init/jgdas_atmos_gldas.ecf
++ diff /lfs/h1/ops/prod/packages/gfs.v16.2.0/ecf/scripts/./gdas/atmos/post/jgdas_atmos_post_f006.ecf /lfs/h2/emc/global/noscrub/Lin.Gan/git/feature-ops-wcoss2/ecf/scripts/./gdas/atmos/post/jgdas_atmos_post_f006.ecf
++ diff /lfs/h1/ops/prod/packages/gfs.v16.2.0/ecf/scripts/./gdas/atmos/post/jgdas_atmos_post_f007.ecf /lfs/h2/emc/global/noscrub/Lin.Gan/git/feature-ops-wcoss2/ecf/scripts/./gdas/atmos/post/jgdas_atmos_post_f007.ecf
++ diff /lfs/h1/ops/prod/packages/gfs.v16.2.0/ecf/scripts/./gdas/atmos/post/jgdas_atmos_post_master.ecf /lfs/h2/emc/global/noscrub/Lin.Gan/git/feature-ops-wcoss2/ecf/scripts/./gdas/atmos/post/jgdas_atmos_post_master.ecf
++ diff /lfs/h1/ops/prod/packages/gfs.v16.2.0/ecf/scripts/./gdas/atmos/post/jgdas_atmos_post_f003.ecf /lfs/h2/emc/global/noscrub/Lin.Gan/git/feature-ops-wcoss2/ecf/scripts/./gdas/atmos/post/jgdas_atmos_post_f003.ecf
++ diff /lfs/h1/ops/prod/packages/gfs.v16.2.0/ecf/scripts/./gdas/atmos/post/jgdas_atmos_post_f005.ecf /lfs/h2/emc/global/noscrub/Lin.Gan/git/feature-ops-wcoss2/ecf/scripts/./gdas/atmos/post/jgdas_atmos_post_f005.ecf
++ diff /lfs/h1/ops/prod/packages/gfs.v16.2.0/ecf/scripts/./gdas/atmos/post/jgdas_atmos_post_f002.ecf /lfs/h2/emc/global/noscrub/Lin.Gan/git/feature-ops-wcoss2/ecf/scripts/./gdas/atmos/post/jgdas_atmos_post_f002.ecf
++ diff /lfs/h1/ops/prod/packages/gfs.v16.2.0/ecf/scripts/./gdas/atmos/post/jgdas_atmos_post_f001.ecf /lfs/h2/emc/global/noscrub/Lin.Gan/git/feature-ops-wcoss2/ecf/scripts/./gdas/atmos/post/jgdas_atmos_post_f001.ecf
++ diff /lfs/h1/ops/prod/packages/gfs.v16.2.0/ecf/scripts/./gdas/atmos/post/jgdas_atmos_post_f009.ecf /lfs/h2/emc/global/noscrub/Lin.Gan/git/feature-ops-wcoss2/ecf/scripts/./gdas/atmos/post/jgdas_atmos_post_f009.ecf
++ diff /lfs/h1/ops/prod/packages/gfs.v16.2.0/ecf/scripts/./gdas/atmos/post/jgdas_atmos_post_manager.ecf /lfs/h2/emc/global/noscrub/Lin.Gan/git/feature-ops-wcoss2/ecf/scripts/./gdas/atmos/post/jgdas_atmos_post_manager.ecf
28d27
< export USE_CFP=YES
++ diff /lfs/h1/ops/prod/packages/gfs.v16.2.0/ecf/scripts/./gdas/atmos/post/jgdas_atmos_post_f004.ecf /lfs/h2/emc/global/noscrub/Lin.Gan/git/feature-ops-wcoss2/ecf/scripts/./gdas/atmos/post/jgdas_atmos_post_f004.ecf
++ diff /lfs/h1/ops/prod/packages/gfs.v16.2.0/ecf/scripts/./gdas/atmos/post/jgdas_atmos_post_f000.ecf /lfs/h2/emc/global/noscrub/Lin.Gan/git/feature-ops-wcoss2/ecf/scripts/./gdas/atmos/post/jgdas_atmos_post_f000.ecf
++ diff /lfs/h1/ops/prod/packages/gfs.v16.2.0/ecf/scripts/./gdas/atmos/post/jgdas_atmos_post_anl.ecf /lfs/h2/emc/global/noscrub/Lin.Gan/git/feature-ops-wcoss2/ecf/scripts/./gdas/atmos/post/jgdas_atmos_post_anl.ecf
++ diff /lfs/h1/ops/prod/packages/gfs.v16.2.0/ecf/scripts/./gdas/atmos/post/jgdas_atmos_post_f008.ecf /lfs/h2/emc/global/noscrub/Lin.Gan/git/feature-ops-wcoss2/ecf/scripts/./gdas/atmos/post/jgdas_atmos_post_f008.ecf
++ diff /lfs/h1/ops/prod/packages/gfs.v16.2.0/ecf/scripts/./gdas/atmos/gempak/jgdas_atmos_gempak_meta_ncdc.ecf /lfs/h2/emc/global/noscrub/Lin.Gan/git/feature-ops-wcoss2/ecf/scripts/./gdas/atmos/gempak/jgdas_atmos_gempak_meta_ncdc.ecf
27c27
< module load cfp/${cfp_ver}
---
> #module load cfp/${cfp_ver}
29,30c29,30
< module load libjpeg/${libjpeg_ver}
< module load grib_util/${grib_util_ver}
---
> #module load libjpeg/${libjpeg_ver}
> #module load grib_util/${grib_util_ver}
36c36,44
< export USE_CFP=YES
---
> #export USE_CFP=YES
> 
> #### EMC developer only
> COMPONENT=atmos
> export COMIN=${COMIN:-$(compath.py -o ${envir}/${NET}/${gfs_ver})/${RUN}.${PDY}/${cyc}/$COMPONENT/gempak}
> export COMINgdas=${COMINgdas:-$(compath.py -o ${envir}/${NET}/${gfs_ver})/${RUN}}
> export COMOUT=${COMOUT:-$(compath.py -o ${envir}/${NET}/${gfs_ver})/${RUN}.${PDY}/${cyc}/$COMPONENT/gempak/meta}
> export COMOUTncdc=${COMOUTncdc:-$(compath.py -o ${envir}/${NET}/${gfs_ver})/${RUN}.${PDY}/${cyc}/$COMPONENT}
> ####
++ diff /lfs/h1/ops/prod/packages/gfs.v16.2.0/ecf/scripts/./gdas/atmos/gempak/jgdas_atmos_gempak.ecf /lfs/h2/emc/global/noscrub/Lin.Gan/git/feature-ops-wcoss2/ecf/scripts/./gdas/atmos/gempak/jgdas_atmos_gempak.ecf
30,31c30,31
< module load libjpeg/${libjpeg_ver}
< module load grib_util/${grib_util_ver}
---
> #module load libjpeg/${libjpeg_ver}
> #module load grib_util/${grib_util_ver}
37a38,43
> 
> #### EMC developer only
> COMPONENT=atmos
> export COMIN=${COMIN:-$(compath.py -o ${envir}/${NET}/${gfs_ver})/${RUN}.${PDY}/${cyc}/$COMPONENT}
> export COMOUT=${COMOUT:-$(compath.py -o ${envir}/${NET}/${gfs_ver})/${RUN}.${PDY}/${cyc}/$COMPONENT/gempak}
> ####
++ diff /lfs/h1/ops/prod/packages/gfs.v16.2.0/ecf/scripts/./enkfgdas/forecast/jenkfgdas_fcst.ecf /lfs/h2/emc/global/noscrub/Lin.Gan/git/feature-ops-wcoss2/ecf/scripts/./enkfgdas/forecast/jenkfgdas_fcst.ecf
6c6
< #PBS -l walltime=01:20:00
---
> #PBS -l walltime=00:40:00
28,30c28,30
< module load esmf/${esmf_ver}
< module load cfp/${cfp_ver}
< module load libjpeg/${libjpeg_ver}
---
> #module load esmf/${esmf_ver}
> #module load cfp/${cfp_ver}
> #module load libjpeg/${libjpeg_ver}
33c33
< module load grib_util/${grib_util_ver}
---
> #module load grib_util/${grib_util_ver}
43c43
< export USE_CFP=YES
---
> #export USE_CFP=YES
++ diff /lfs/h1/ops/prod/packages/gfs.v16.2.0/ecf/scripts/./enkfgdas/analysis/create/jenkfgdas_diag.ecf /lfs/h2/emc/global/noscrub/Lin.Gan/git/feature-ops-wcoss2/ecf/scripts/./enkfgdas/analysis/create/jenkfgdas_diag.ecf
++ diff /lfs/h1/ops/prod/packages/gfs.v16.2.0/ecf/scripts/./enkfgdas/analysis/create/jenkfgdas_update.ecf /lfs/h2/emc/global/noscrub/Lin.Gan/git/feature-ops-wcoss2/ecf/scripts/./enkfgdas/analysis/create/jenkfgdas_update.ecf
++ diff /lfs/h1/ops/prod/packages/gfs.v16.2.0/ecf/scripts/./enkfgdas/analysis/create/jenkfgdas_select_obs.ecf /lfs/h2/emc/global/noscrub/Lin.Gan/git/feature-ops-wcoss2/ecf/scripts/./enkfgdas/analysis/create/jenkfgdas_select_obs.ecf
28c28
< module load cfp/${cfp_ver}
---
> #module load cfp/${cfp_ver}
41c41
< export USE_CFP=YES
---
> #export USE_CFP=YES
++ diff /lfs/h1/ops/prod/packages/gfs.v16.2.0/ecf/scripts/./enkfgdas/analysis/recenter/ecen/jenkfgdas_ecen.ecf /lfs/h2/emc/global/noscrub/Lin.Gan/git/feature-ops-wcoss2/ecf/scripts/./enkfgdas/analysis/recenter/ecen/jenkfgdas_ecen.ecf
40c40
< export USE_CFP=YES
---
> #export USE_CFP=YES
++ diff /lfs/h1/ops/prod/packages/gfs.v16.2.0/ecf/scripts/./enkfgdas/analysis/recenter/jenkfgdas_sfc.ecf /lfs/h2/emc/global/noscrub/Lin.Gan/git/feature-ops-wcoss2/ecf/scripts/./enkfgdas/analysis/recenter/jenkfgdas_sfc.ecf
33c33
< module load wgrib2/${wgrib2_ver}
---
> #module load wgrib2/${wgrib2_ver}
42c42
< export USE_CFP=YES
---
> #export USE_CFP=YES
++ diff /lfs/h1/ops/prod/packages/gfs.v16.2.0/ecf/scripts/./enkfgdas/post/jenkfgdas_post_f003.ecf /lfs/h2/emc/global/noscrub/Lin.Gan/git/feature-ops-wcoss2/ecf/scripts/./enkfgdas/post/jenkfgdas_post_f003.ecf
41c41
< export USE_CFP=YES
---
> #export USE_CFP=YES
++ diff /lfs/h1/ops/prod/packages/gfs.v16.2.0/ecf/scripts/./enkfgdas/post/jenkfgdas_post_f006.ecf /lfs/h2/emc/global/noscrub/Lin.Gan/git/feature-ops-wcoss2/ecf/scripts/./enkfgdas/post/jenkfgdas_post_f006.ecf
41c41
< export USE_CFP=YES
---
> #export USE_CFP=YES
++ diff /lfs/h1/ops/prod/packages/gfs.v16.2.0/ecf/scripts/./enkfgdas/post/jenkfgdas_post_f008.ecf /lfs/h2/emc/global/noscrub/Lin.Gan/git/feature-ops-wcoss2/ecf/scripts/./enkfgdas/post/jenkfgdas_post_f008.ecf
41c41
< export USE_CFP=YES
---
> #export USE_CFP=YES
++ diff /lfs/h1/ops/prod/packages/gfs.v16.2.0/ecf/scripts/./enkfgdas/post/jenkfgdas_post_f004.ecf /lfs/h2/emc/global/noscrub/Lin.Gan/git/feature-ops-wcoss2/ecf/scripts/./enkfgdas/post/jenkfgdas_post_f004.ecf
41c41
< export USE_CFP=YES
---
> #export USE_CFP=YES
++ diff /lfs/h1/ops/prod/packages/gfs.v16.2.0/ecf/scripts/./enkfgdas/post/jenkfgdas_post_f005.ecf /lfs/h2/emc/global/noscrub/Lin.Gan/git/feature-ops-wcoss2/ecf/scripts/./enkfgdas/post/jenkfgdas_post_f005.ecf
41c41
< export USE_CFP=YES
---
> #export USE_CFP=YES
++ diff /lfs/h1/ops/prod/packages/gfs.v16.2.0/ecf/scripts/./enkfgdas/post/jenkfgdas_post_f009.ecf /lfs/h2/emc/global/noscrub/Lin.Gan/git/feature-ops-wcoss2/ecf/scripts/./enkfgdas/post/jenkfgdas_post_f009.ecf
41c41
< export USE_CFP=YES
---
> #export USE_CFP=YES
++ diff /lfs/h1/ops/prod/packages/gfs.v16.2.0/ecf/scripts/./enkfgdas/post/jenkfgdas_post_f007.ecf /lfs/h2/emc/global/noscrub/Lin.Gan/git/feature-ops-wcoss2/ecf/scripts/./enkfgdas/post/jenkfgdas_post_f007.ecf
41c41
< export USE_CFP=YES
---
> #export USE_CFP=YES
++ diff /lfs/h1/ops/prod/packages/gfs.v16.2.0/ecf/scripts/./enkfgdas/post/jenkfgdas_post_master.ecf /lfs/h2/emc/global/noscrub/Lin.Gan/git/feature-ops-wcoss2/ecf/scripts/./enkfgdas/post/jenkfgdas_post_master.ecf
41c41
< export USE_CFP=YES
---
> #export USE_CFP=YES
++ diff /lfs/h1/ops/prod/packages/gfs.v16.2.0/ecf/scripts/./jrequeue_enkf_fcst.ecf /lfs/h2/emc/global/noscrub/Lin.Gan/git/feature-ops-wcoss2/ecf/scripts/./jrequeue_enkf_fcst.ecf
diff: /lfs/h2/emc/global/noscrub/Lin.Gan/git/feature-ops-wcoss2/ecf/scripts/./jrequeue_enkf_fcst.ecf: No such file or directory
++ diff /lfs/h1/ops/prod/packages/gfs.v16.2.0/ecf/scripts/./gfs/wave/prep/jgfs_wave_prep.ecf /lfs/h2/emc/global/noscrub/Lin.Gan/git/feature-ops-wcoss2/ecf/scripts/./gfs/wave/prep/jgfs_wave_prep.ecf
29c29
< module load libjpeg/${libjpeg_ver}
---
> #module load libjpeg/${libjpeg_ver}
35c35
< module load grib_util/${grib_util_ver}
---
> #module load grib_util/${grib_util_ver}
++ diff /lfs/h1/ops/prod/packages/gfs.v16.2.0/ecf/scripts/./gfs/wave/init/jgfs_wave_init.ecf /lfs/h2/emc/global/noscrub/Lin.Gan/git/feature-ops-wcoss2/ecf/scripts/./gfs/wave/init/jgfs_wave_init.ecf
++ diff /lfs/h1/ops/prod/packages/gfs.v16.2.0/ecf/scripts/./gfs/wave/post/jgfs_wave_post_bndpntbll.ecf /lfs/h2/emc/global/noscrub/Lin.Gan/git/feature-ops-wcoss2/ecf/scripts/./gfs/wave/post/jgfs_wave_post_bndpntbll.ecf
++ diff /lfs/h1/ops/prod/packages/gfs.v16.2.0/ecf/scripts/./gfs/wave/post/jgfs_wave_postsbs.ecf /lfs/h2/emc/global/noscrub/Lin.Gan/git/feature-ops-wcoss2/ecf/scripts/./gfs/wave/post/jgfs_wave_postsbs.ecf
++ diff /lfs/h1/ops/prod/packages/gfs.v16.2.0/ecf/scripts/./gfs/wave/post/jgfs_wave_postpnt.ecf /lfs/h2/emc/global/noscrub/Lin.Gan/git/feature-ops-wcoss2/ecf/scripts/./gfs/wave/post/jgfs_wave_postpnt.ecf
++ diff /lfs/h1/ops/prod/packages/gfs.v16.2.0/ecf/scripts/./gfs/wave/post/jgfs_wave_prdgen_gridded.ecf /lfs/h2/emc/global/noscrub/Lin.Gan/git/feature-ops-wcoss2/ecf/scripts/./gfs/wave/post/jgfs_wave_prdgen_gridded.ecf
37a38,43
> #### EMC developer only
> COMPONENT=wave
> export COMIN=${COMIN:-$(compath.py -o ${envir}/${NET}/${gfs_ver})/${RUN}.${PDY}/${cyc}/$COMPONENT}
> export COMOUT=${COMOUT:-$(compath.py -o ${envir}/${NET}/${gfs_ver})/${RUN}.${PDY}/${cyc}/$COMPONENT}
> ####
> 
++ diff /lfs/h1/ops/prod/packages/gfs.v16.2.0/ecf/scripts/./gfs/wave/post/jgfs_wave_prdgen_bulls.ecf /lfs/h2/emc/global/noscrub/Lin.Gan/git/feature-ops-wcoss2/ecf/scripts/./gfs/wave/post/jgfs_wave_prdgen_bulls.ecf
26,33c26,33
< module load cfp/${cfp_ver}
< module load gempak/${gempak_ver}
< module load libjpeg/${libjpeg_ver}
< module load hdf5/${hdf5_ver}
< module load netcdf/${netcdf_ver}
< module load grib_util/${grib_util_ver}
< module load wgrib2/${wgrib2_ver}
< module load bufr/${bufr_ver}
---
> #module load cfp/${cfp_ver}
> #module load gempak/${gempak_ver}
> #module load libjpeg/${libjpeg_ver}
> #module load hdf5/${hdf5_ver}
> #module load netcdf/${netcdf_ver}
> #module load grib_util/${grib_util_ver}
> #module load wgrib2/${wgrib2_ver}
> #module load bufr/${bufr_ver}
42a43,48
> 
> #### EMC developer only
> COMPONENT=wave
> export COMIN=${COMIN:-$(compath.py -o ${envir}/${NET}/${gfs_ver})/${RUN}.${PDY}/${cyc}/$COMPONENT}
> export COMOUT=${COMOUT:-$(compath.py -o ${envir}/${NET}/${gfs_ver})/${RUN}.${PDY}/${cyc}/$COMPONENT}
> ####
++ diff /lfs/h1/ops/prod/packages/gfs.v16.2.0/ecf/scripts/./gfs/wave/post/jgfs_wave_post_bndpnt.ecf /lfs/h2/emc/global/noscrub/Lin.Gan/git/feature-ops-wcoss2/ecf/scripts/./gfs/wave/post/jgfs_wave_post_bndpnt.ecf
++ diff /lfs/h1/ops/prod/packages/gfs.v16.2.0/ecf/scripts/./gfs/wave/gempak/jgfs_wave_gempak.ecf /lfs/h2/emc/global/noscrub/Lin.Gan/git/feature-ops-wcoss2/ecf/scripts/./gfs/wave/gempak/jgfs_wave_gempak.ecf
26,27c26,27
< module load libjpeg/${libjpeg_ver}
< module load grib_util/${grib_util_ver}
---
> #module load libjpeg/${libjpeg_ver}
> #module load grib_util/${grib_util_ver}
36a37,42
> 
> #### EMC developer only
> COMPONENT=wave
> export COMIN=${COMIN:-$(compath.py -o ${envir}/${NET}/${gfs_ver})/${RUN}.${PDY}/${cyc}/$COMPONENT}
> export COMOUT=${COMOUT:-$(compath.py -o ${envir}/${NET}/${gfs_ver})/${RUN}.${PDY}/${cyc}/$COMPONENT/gempak}
> ####
++ diff /lfs/h1/ops/prod/packages/gfs.v16.2.0/ecf/scripts/./gfs/jgfs_forecast.ecf /lfs/h2/emc/global/noscrub/Lin.Gan/git/feature-ops-wcoss2/ecf/scripts/./gfs/jgfs_forecast.ecf
28,30c28,30
< module load esmf/${esmf_ver}
< module load cfp/${cfp_ver}
< module load libjpeg/${libjpeg_ver}
---
> #module load esmf/${esmf_ver}
> #module load cfp/${cfp_ver}
> #module load libjpeg/${libjpeg_ver}
33c33
< module load grib_util/${grib_util_ver}
---
> #module load grib_util/${grib_util_ver}
42d41
< export USE_CFP=YES
++ diff /lfs/h1/ops/prod/packages/gfs.v16.2.0/ecf/scripts/./gfs/atmos/obsproc/dump/jgfs_atmos_tropcy_qc_reloc.ecf /lfs/h2/emc/global/noscrub/Lin.Gan/git/feature-ops-wcoss2/ecf/scripts/./gfs/atmos/obsproc/dump/jgfs_atmos_tropcy_qc_reloc.ecf
32d31
< export USE_CFP=YES
++ diff /lfs/h1/ops/prod/packages/gfs.v16.2.0/ecf/scripts/./gfs/atmos/obsproc/prep/jgfs_atmos_emcsfc_sfc_prep.ecf /lfs/h2/emc/global/noscrub/Lin.Gan/git/feature-ops-wcoss2/ecf/scripts/./gfs/atmos/obsproc/prep/jgfs_atmos_emcsfc_sfc_prep.ecf
32d31
< export USE_CFP=YES
34a34,38
> 
> #### EMC developer only
> COMPONENT=atmos
> export COMOUT=${COMOUT:-$(compath.py -o ${envir}/${NET}/${gfs_ver})/${RUN}.${PDY}/${cyc}/$COMPONENT}
> ####
++ diff /lfs/h1/ops/prod/packages/gfs.v16.2.0/ecf/scripts/./gfs/atmos/post_processing/jgfs_atmos_wafs_gcip.ecf /lfs/h2/emc/global/noscrub/Lin.Gan/git/feature-ops-wcoss2/ecf/scripts/./gfs/atmos/post_processing/jgfs_atmos_wafs_gcip.ecf
42a43,48
> #### EMC developer only
> COMPONENT=atmos
> export COMINgfs=${COMINgfs:-$(compath.py -o ${envir}/${NET}/${gfs_ver})/${RUN}.${PDY}/${cyc}/$COMPONENT}
> export COMOUT=${COMOUT:-$(compath.py -o ${envir}/${NET}/${gfs_ver})/${RUN}.${PDY}/${cyc}/$COMPONENT}
> ####
> 
++ diff /lfs/h1/ops/prod/packages/gfs.v16.2.0/ecf/scripts/./gfs/atmos/post_processing/grib2_wafs/jgfs_atmos_wafs_grib2.ecf /lfs/h2/emc/global/noscrub/Lin.Gan/git/feature-ops-wcoss2/ecf/scripts/./gfs/atmos/post_processing/grib2_wafs/jgfs_atmos_wafs_grib2.ecf
27c27
< module load cfp/${cfp_ver}
---
> #module load cfp/${cfp_ver}
39c39,44
< export USE_CFP=YES
---
> 
> #### EMC developer only
> COMPONENT=atmos
> export COMIN=${COMIN:-$(compath.py -o ${envir}/${NET}/${gfs_ver})/${RUN}.${PDY}/${cyc}/$COMPONENT}
> export COMOUT=${COMOUT:-$(compath.py -o ${envir}/${NET}/${gfs_ver})/${RUN}.${PDY}/${cyc}/$COMPONENT}
> ####
++ diff /lfs/h1/ops/prod/packages/gfs.v16.2.0/ecf/scripts/./gfs/atmos/post_processing/grib2_wafs/jgfs_atmos_wafs_grib2_0p25.ecf /lfs/h2/emc/global/noscrub/Lin.Gan/git/feature-ops-wcoss2/ecf/scripts/./gfs/atmos/post_processing/grib2_wafs/jgfs_atmos_wafs_grib2_0p25.ecf
38c38,43
< export USE_CFP=YES
---
> 
> #### EMC developer only
> COMPONENT=atmos
> export COMIN=${COMIN:-$(compath.py -o ${envir}/${NET}/${gfs_ver})/${RUN}.${PDY}/${cyc}/$COMPONENT}
> export COMOUT=${COMOUT:-$(compath.py -o ${envir}/${NET}/${gfs_ver})/${RUN}.${PDY}/${cyc}/$COMPONENT}
> ####
++ diff /lfs/h1/ops/prod/packages/gfs.v16.2.0/ecf/scripts/./gfs/atmos/post_processing/grib2_wafs/jgfs_atmos_wafs_blending_0p25.ecf /lfs/h2/emc/global/noscrub/Lin.Gan/git/feature-ops-wcoss2/ecf/scripts/./gfs/atmos/post_processing/grib2_wafs/jgfs_atmos_wafs_blending_0p25.ecf
37c37,42
< export USE_CFP=YES
---
> 
> #### EMC developer only
> COMPONENT=atmos
> export COMIN=${COMIN:-$(compath.py -o ${envir}/${NET}/${gfs_ver})/${RUN}.${PDY}/${cyc}/$COMPONENT}
> export COMOUT=${COMOUT:-$(compath.py -o ${envir}/${NET}/${gfs_ver})/${RUN}.${PDY}/${cyc}/$COMPONENT}
> ####
++ diff /lfs/h1/ops/prod/packages/gfs.v16.2.0/ecf/scripts/./gfs/atmos/post_processing/grib2_wafs/jgfs_atmos_wafs_blending.ecf /lfs/h2/emc/global/noscrub/Lin.Gan/git/feature-ops-wcoss2/ecf/scripts/./gfs/atmos/post_processing/grib2_wafs/jgfs_atmos_wafs_blending.ecf
37c37,42
< export USE_CFP=YES
---
> 
> #### EMC developer only
> COMPONENT=atmos
> export COMIN=${COMIN:-$(compath.py -o ${envir}/${NET}/${gfs_ver})/${RUN}.${PDY}/${cyc}/$COMPONENT}
> export COMOUT=${COMOUT:-$(compath.py -o ${envir}/${NET}/${gfs_ver})/${RUN}.${PDY}/${cyc}/$COMPONENT}
> ####
++ diff /lfs/h1/ops/prod/packages/gfs.v16.2.0/ecf/scripts/./gfs/atmos/post_processing/bufr_sounding/jgfs_atmos_postsnd.ecf /lfs/h2/emc/global/noscrub/Lin.Gan/git/feature-ops-wcoss2/ecf/scripts/./gfs/atmos/post_processing/bufr_sounding/jgfs_atmos_postsnd.ecf
31c31
< module load libjpeg/${libjpeg_ver}
---
> #module load libjpeg/${libjpeg_ver}
34c34
< module load grib_util/${grib_util_ver}
---
> #module load grib_util/${grib_util_ver}
++ diff /lfs/h1/ops/prod/packages/gfs.v16.2.0/ecf/scripts/./gfs/atmos/post_processing/grib_wafs/jgfs_atmos_wafs_f114.ecf /lfs/h2/emc/global/noscrub/Lin.Gan/git/feature-ops-wcoss2/ecf/scripts/./gfs/atmos/post_processing/grib_wafs/jgfs_atmos_wafs_f114.ecf
39c39,44
< export USE_CFP=YES
---
> 
> #### EMC developer only
> COMPONENT=atmos
> export COMIN=${COMIN:-$(compath.py -o ${envir}/${NET}/${gfs_ver})/${RUN}.${PDY}/${cyc}/$COMPONENT}
> export COMOUT=${COMOUT:-$(compath.py -o ${envir}/${NET}/${gfs_ver})/${RUN}.${PDY}/${cyc}/$COMPONENT}
> ####
++ diff /lfs/h1/ops/prod/packages/gfs.v16.2.0/ecf/scripts/./gfs/atmos/post_processing/grib_wafs/jgfs_atmos_wafs_f108.ecf /lfs/h2/emc/global/noscrub/Lin.Gan/git/feature-ops-wcoss2/ecf/scripts/./gfs/atmos/post_processing/grib_wafs/jgfs_atmos_wafs_f108.ecf
39c39,44
< export USE_CFP=YES
---
> 
> #### EMC developer only
> COMPONENT=atmos
> export COMIN=${COMIN:-$(compath.py -o ${envir}/${NET}/${gfs_ver})/${RUN}.${PDY}/${cyc}/$COMPONENT}
> export COMOUT=${COMOUT:-$(compath.py -o ${envir}/${NET}/${gfs_ver})/${RUN}.${PDY}/${cyc}/$COMPONENT}
> ####
++ diff /lfs/h1/ops/prod/packages/gfs.v16.2.0/ecf/scripts/./gfs/atmos/post_processing/grib_wafs/jgfs_atmos_wafs_f024.ecf /lfs/h2/emc/global/noscrub/Lin.Gan/git/feature-ops-wcoss2/ecf/scripts/./gfs/atmos/post_processing/grib_wafs/jgfs_atmos_wafs_f024.ecf
39c39,44
< export USE_CFP=YES
---
> 
> #### EMC developer only
> COMPONENT=atmos
> export COMIN=${COMIN:-$(compath.py -o ${envir}/${NET}/${gfs_ver})/${RUN}.${PDY}/${cyc}/$COMPONENT}
> export COMOUT=${COMOUT:-$(compath.py -o ${envir}/${NET}/${gfs_ver})/${RUN}.${PDY}/${cyc}/$COMPONENT}
> ####
++ diff /lfs/h1/ops/prod/packages/gfs.v16.2.0/ecf/scripts/./gfs/atmos/post_processing/grib_wafs/jgfs_atmos_wafs_f012.ecf /lfs/h2/emc/global/noscrub/Lin.Gan/git/feature-ops-wcoss2/ecf/scripts/./gfs/atmos/post_processing/grib_wafs/jgfs_atmos_wafs_f012.ecf
39c39,44
< export USE_CFP=YES
---
> 
> #### EMC developer only
> COMPONENT=atmos
> export COMIN=${COMIN:-$(compath.py -o ${envir}/${NET}/${gfs_ver})/${RUN}.${PDY}/${cyc}/$COMPONENT}
> export COMOUT=${COMOUT:-$(compath.py -o ${envir}/${NET}/${gfs_ver})/${RUN}.${PDY}/${cyc}/$COMPONENT}
> ####
++ diff /lfs/h1/ops/prod/packages/gfs.v16.2.0/ecf/scripts/./gfs/atmos/post_processing/grib_wafs/jgfs_atmos_wafs_f030.ecf /lfs/h2/emc/global/noscrub/Lin.Gan/git/feature-ops-wcoss2/ecf/scripts/./gfs/atmos/post_processing/grib_wafs/jgfs_atmos_wafs_f030.ecf
39c39,44
< export USE_CFP=YES
---
> 
> #### EMC developer only
> COMPONENT=atmos
> export COMIN=${COMIN:-$(compath.py -o ${envir}/${NET}/${gfs_ver})/${RUN}.${PDY}/${cyc}/$COMPONENT}
> export COMOUT=${COMOUT:-$(compath.py -o ${envir}/${NET}/${gfs_ver})/${RUN}.${PDY}/${cyc}/$COMPONENT}
> ####
++ diff /lfs/h1/ops/prod/packages/gfs.v16.2.0/ecf/scripts/./gfs/atmos/post_processing/grib_wafs/jgfs_atmos_wafs_f018.ecf /lfs/h2/emc/global/noscrub/Lin.Gan/git/feature-ops-wcoss2/ecf/scripts/./gfs/atmos/post_processing/grib_wafs/jgfs_atmos_wafs_f018.ecf
39c39,44
< export USE_CFP=YES
---
> 
> #### EMC developer only
> COMPONENT=atmos
> export COMIN=${COMIN:-$(compath.py -o ${envir}/${NET}/${gfs_ver})/${RUN}.${PDY}/${cyc}/$COMPONENT}
> export COMOUT=${COMOUT:-$(compath.py -o ${envir}/${NET}/${gfs_ver})/${RUN}.${PDY}/${cyc}/$COMPONENT}
> ####
++ diff /lfs/h1/ops/prod/packages/gfs.v16.2.0/ecf/scripts/./gfs/atmos/post_processing/grib_wafs/jgfs_atmos_wafs_f042.ecf /lfs/h2/emc/global/noscrub/Lin.Gan/git/feature-ops-wcoss2/ecf/scripts/./gfs/atmos/post_processing/grib_wafs/jgfs_atmos_wafs_f042.ecf
39c39,44
< export USE_CFP=YES
---
> 
> #### EMC developer only
> COMPONENT=atmos
> export COMIN=${COMIN:-$(compath.py -o ${envir}/${NET}/${gfs_ver})/${RUN}.${PDY}/${cyc}/$COMPONENT}
> export COMOUT=${COMOUT:-$(compath.py -o ${envir}/${NET}/${gfs_ver})/${RUN}.${PDY}/${cyc}/$COMPONENT}
> ####
++ diff /lfs/h1/ops/prod/packages/gfs.v16.2.0/ecf/scripts/./gfs/atmos/post_processing/grib_wafs/jgfs_atmos_wafs_f078.ecf /lfs/h2/emc/global/noscrub/Lin.Gan/git/feature-ops-wcoss2/ecf/scripts/./gfs/atmos/post_processing/grib_wafs/jgfs_atmos_wafs_f078.ecf
39c39,44
< export USE_CFP=YES
---
> 
> #### EMC developer only
> COMPONENT=atmos
> export COMIN=${COMIN:-$(compath.py -o ${envir}/${NET}/${gfs_ver})/${RUN}.${PDY}/${cyc}/$COMPONENT}
> export COMOUT=${COMOUT:-$(compath.py -o ${envir}/${NET}/${gfs_ver})/${RUN}.${PDY}/${cyc}/$COMPONENT}
> ####
++ diff /lfs/h1/ops/prod/packages/gfs.v16.2.0/ecf/scripts/./gfs/atmos/post_processing/grib_wafs/jgfs_atmos_wafs_f006.ecf /lfs/h2/emc/global/noscrub/Lin.Gan/git/feature-ops-wcoss2/ecf/scripts/./gfs/atmos/post_processing/grib_wafs/jgfs_atmos_wafs_f006.ecf
39c39,44
< export USE_CFP=YES
---
> 
> #### EMC developer only
> COMPONENT=atmos
> export COMIN=${COMIN:-$(compath.py -o ${envir}/${NET}/${gfs_ver})/${RUN}.${PDY}/${cyc}/$COMPONENT}
> export COMOUT=${COMOUT:-$(compath.py -o ${envir}/${NET}/${gfs_ver})/${RUN}.${PDY}/${cyc}/$COMPONENT}
> ####
++ diff /lfs/h1/ops/prod/packages/gfs.v16.2.0/ecf/scripts/./gfs/atmos/post_processing/grib_wafs/jgfs_atmos_wafs_f054.ecf /lfs/h2/emc/global/noscrub/Lin.Gan/git/feature-ops-wcoss2/ecf/scripts/./gfs/atmos/post_processing/grib_wafs/jgfs_atmos_wafs_f054.ecf
39c39,44
< export USE_CFP=YES
---
> 
> #### EMC developer only
> COMPONENT=atmos
> export COMIN=${COMIN:-$(compath.py -o ${envir}/${NET}/${gfs_ver})/${RUN}.${PDY}/${cyc}/$COMPONENT}
> export COMOUT=${COMOUT:-$(compath.py -o ${envir}/${NET}/${gfs_ver})/${RUN}.${PDY}/${cyc}/$COMPONENT}
> ####
++ diff /lfs/h1/ops/prod/packages/gfs.v16.2.0/ecf/scripts/./gfs/atmos/post_processing/grib_wafs/jgfs_atmos_wafs_f060.ecf /lfs/h2/emc/global/noscrub/Lin.Gan/git/feature-ops-wcoss2/ecf/scripts/./gfs/atmos/post_processing/grib_wafs/jgfs_atmos_wafs_f060.ecf
39c39,44
< export USE_CFP=YES
---
> 
> #### EMC developer only
> COMPONENT=atmos
> export COMIN=${COMIN:-$(compath.py -o ${envir}/${NET}/${gfs_ver})/${RUN}.${PDY}/${cyc}/$COMPONENT}
> export COMOUT=${COMOUT:-$(compath.py -o ${envir}/${NET}/${gfs_ver})/${RUN}.${PDY}/${cyc}/$COMPONENT}
> ####
++ diff /lfs/h1/ops/prod/packages/gfs.v16.2.0/ecf/scripts/./gfs/atmos/post_processing/grib_wafs/jgfs_atmos_wafs_f066.ecf /lfs/h2/emc/global/noscrub/Lin.Gan/git/feature-ops-wcoss2/ecf/scripts/./gfs/atmos/post_processing/grib_wafs/jgfs_atmos_wafs_f066.ecf
39c39,44
< export USE_CFP=YES
---
> 
> #### EMC developer only
> COMPONENT=atmos
> export COMIN=${COMIN:-$(compath.py -o ${envir}/${NET}/${gfs_ver})/${RUN}.${PDY}/${cyc}/$COMPONENT}
> export COMOUT=${COMOUT:-$(compath.py -o ${envir}/${NET}/${gfs_ver})/${RUN}.${PDY}/${cyc}/$COMPONENT}
> ####
++ diff /lfs/h1/ops/prod/packages/gfs.v16.2.0/ecf/scripts/./gfs/atmos/post_processing/grib_wafs/jgfs_atmos_wafs_f084.ecf /lfs/h2/emc/global/noscrub/Lin.Gan/git/feature-ops-wcoss2/ecf/scripts/./gfs/atmos/post_processing/grib_wafs/jgfs_atmos_wafs_f084.ecf
39c39,44
< export USE_CFP=YES
---
> 
> #### EMC developer only
> COMPONENT=atmos
> export COMIN=${COMIN:-$(compath.py -o ${envir}/${NET}/${gfs_ver})/${RUN}.${PDY}/${cyc}/$COMPONENT}
> export COMOUT=${COMOUT:-$(compath.py -o ${envir}/${NET}/${gfs_ver})/${RUN}.${PDY}/${cyc}/$COMPONENT}
> ####
++ diff /lfs/h1/ops/prod/packages/gfs.v16.2.0/ecf/scripts/./gfs/atmos/post_processing/grib_wafs/jgfs_atmos_wafs_f072.ecf /lfs/h2/emc/global/noscrub/Lin.Gan/git/feature-ops-wcoss2/ecf/scripts/./gfs/atmos/post_processing/grib_wafs/jgfs_atmos_wafs_f072.ecf
39c39,44
< export USE_CFP=YES
---
> 
> #### EMC developer only
> COMPONENT=atmos
> export COMIN=${COMIN:-$(compath.py -o ${envir}/${NET}/${gfs_ver})/${RUN}.${PDY}/${cyc}/$COMPONENT}
> export COMOUT=${COMOUT:-$(compath.py -o ${envir}/${NET}/${gfs_ver})/${RUN}.${PDY}/${cyc}/$COMPONENT}
> ####
++ diff /lfs/h1/ops/prod/packages/gfs.v16.2.0/ecf/scripts/./gfs/atmos/post_processing/grib_wafs/jgfs_atmos_wafs_f120.ecf /lfs/h2/emc/global/noscrub/Lin.Gan/git/feature-ops-wcoss2/ecf/scripts/./gfs/atmos/post_processing/grib_wafs/jgfs_atmos_wafs_f120.ecf
39c39,44
< export USE_CFP=YES
---
> 
> #### EMC developer only
> COMPONENT=atmos
> export COMIN=${COMIN:-$(compath.py -o ${envir}/${NET}/${gfs_ver})/${RUN}.${PDY}/${cyc}/$COMPONENT}
> export COMOUT=${COMOUT:-$(compath.py -o ${envir}/${NET}/${gfs_ver})/${RUN}.${PDY}/${cyc}/$COMPONENT}
> ####
++ diff /lfs/h1/ops/prod/packages/gfs.v16.2.0/ecf/scripts/./gfs/atmos/post_processing/grib_wafs/jgfs_atmos_wafs_f102.ecf /lfs/h2/emc/global/noscrub/Lin.Gan/git/feature-ops-wcoss2/ecf/scripts/./gfs/atmos/post_processing/grib_wafs/jgfs_atmos_wafs_f102.ecf
39c39,44
< export USE_CFP=YES
---
> 
> #### EMC developer only
> COMPONENT=atmos
> export COMIN=${COMIN:-$(compath.py -o ${envir}/${NET}/${gfs_ver})/${RUN}.${PDY}/${cyc}/$COMPONENT}
> export COMOUT=${COMOUT:-$(compath.py -o ${envir}/${NET}/${gfs_ver})/${RUN}.${PDY}/${cyc}/$COMPONENT}
> ####
++ diff /lfs/h1/ops/prod/packages/gfs.v16.2.0/ecf/scripts/./gfs/atmos/post_processing/grib_wafs/jgfs_atmos_wafs_f090.ecf /lfs/h2/emc/global/noscrub/Lin.Gan/git/feature-ops-wcoss2/ecf/scripts/./gfs/atmos/post_processing/grib_wafs/jgfs_atmos_wafs_f090.ecf
39c39,44
< export USE_CFP=YES
---
> 
> #### EMC developer only
> COMPONENT=atmos
> export COMIN=${COMIN:-$(compath.py -o ${envir}/${NET}/${gfs_ver})/${RUN}.${PDY}/${cyc}/$COMPONENT}
> export COMOUT=${COMOUT:-$(compath.py -o ${envir}/${NET}/${gfs_ver})/${RUN}.${PDY}/${cyc}/$COMPONENT}
> ####
++ diff /lfs/h1/ops/prod/packages/gfs.v16.2.0/ecf/scripts/./gfs/atmos/post_processing/grib_wafs/jgfs_atmos_wafs_f048.ecf /lfs/h2/emc/global/noscrub/Lin.Gan/git/feature-ops-wcoss2/ecf/scripts/./gfs/atmos/post_processing/grib_wafs/jgfs_atmos_wafs_f048.ecf
39c39,44
< export USE_CFP=YES
---
> 
> #### EMC developer only
> COMPONENT=atmos
> export COMIN=${COMIN:-$(compath.py -o ${envir}/${NET}/${gfs_ver})/${RUN}.${PDY}/${cyc}/$COMPONENT}
> export COMOUT=${COMOUT:-$(compath.py -o ${envir}/${NET}/${gfs_ver})/${RUN}.${PDY}/${cyc}/$COMPONENT}
> ####
++ diff /lfs/h1/ops/prod/packages/gfs.v16.2.0/ecf/scripts/./gfs/atmos/post_processing/grib_wafs/jgfs_atmos_wafs_f000.ecf /lfs/h2/emc/global/noscrub/Lin.Gan/git/feature-ops-wcoss2/ecf/scripts/./gfs/atmos/post_processing/grib_wafs/jgfs_atmos_wafs_f000.ecf
39c39,44
< export USE_CFP=YES
---
> 
> #### EMC developer only
> COMPONENT=atmos
> export COMIN=${COMIN:-$(compath.py -o ${envir}/${NET}/${gfs_ver})/${RUN}.${PDY}/${cyc}/$COMPONENT}
> export COMOUT=${COMOUT:-$(compath.py -o ${envir}/${NET}/${gfs_ver})/${RUN}.${PDY}/${cyc}/$COMPONENT}
> ####
++ diff /lfs/h1/ops/prod/packages/gfs.v16.2.0/ecf/scripts/./gfs/atmos/post_processing/grib_wafs/jgfs_atmos_wafs_f096.ecf /lfs/h2/emc/global/noscrub/Lin.Gan/git/feature-ops-wcoss2/ecf/scripts/./gfs/atmos/post_processing/grib_wafs/jgfs_atmos_wafs_f096.ecf
39c39,44
< export USE_CFP=YES
---
> 
> #### EMC developer only
> COMPONENT=atmos
> export COMIN=${COMIN:-$(compath.py -o ${envir}/${NET}/${gfs_ver})/${RUN}.${PDY}/${cyc}/$COMPONENT}
> export COMOUT=${COMOUT:-$(compath.py -o ${envir}/${NET}/${gfs_ver})/${RUN}.${PDY}/${cyc}/$COMPONENT}
> ####
++ diff /lfs/h1/ops/prod/packages/gfs.v16.2.0/ecf/scripts/./gfs/atmos/post_processing/grib_wafs/jgfs_atmos_wafs_f036.ecf /lfs/h2/emc/global/noscrub/Lin.Gan/git/feature-ops-wcoss2/ecf/scripts/./gfs/atmos/post_processing/grib_wafs/jgfs_atmos_wafs_f036.ecf
39c39,44
< export USE_CFP=YES
---
> 
> #### EMC developer only
> COMPONENT=atmos
> export COMIN=${COMIN:-$(compath.py -o ${envir}/${NET}/${gfs_ver})/${RUN}.${PDY}/${cyc}/$COMPONENT}
> export COMOUT=${COMOUT:-$(compath.py -o ${envir}/${NET}/${gfs_ver})/${RUN}.${PDY}/${cyc}/$COMPONENT}
> ####
++ diff /lfs/h1/ops/prod/packages/gfs.v16.2.0/ecf/scripts/./gfs/atmos/post_processing/grib_wafs/jgfs_atmos_wafs_master.ecf /lfs/h2/emc/global/noscrub/Lin.Gan/git/feature-ops-wcoss2/ecf/scripts/./gfs/atmos/post_processing/grib_wafs/jgfs_atmos_wafs_master.ecf
39c39,44
< export USE_CFP=YES
---
> 
> #### EMC developer only
> COMPONENT=atmos
> export COMIN=${COMIN:-$(compath.py -o ${envir}/${NET}/${gfs_ver})/${RUN}.${PDY}/${cyc}/$COMPONENT}
> export COMOUT=${COMOUT:-$(compath.py -o ${envir}/${NET}/${gfs_ver})/${RUN}.${PDY}/${cyc}/$COMPONENT}
> ####
++ diff /lfs/h1/ops/prod/packages/gfs.v16.2.0/ecf/scripts/./gfs/atmos/post_processing/bulletins/jgfs_atmos_fbwind.ecf /lfs/h2/emc/global/noscrub/Lin.Gan/git/feature-ops-wcoss2/ecf/scripts/./gfs/atmos/post_processing/bulletins/jgfs_atmos_fbwind.ecf
26c26
< module load cfp/${cfp_ver}
---
> #module load cfp/${cfp_ver}
38c38,43
< export USE_CFP=YES
---
> 
> #### EMC developer only
> COMPONENT=atmos
> export COMIN=${COMIN:-$(compath.py -o ${envir}/${NET}/${gfs_ver})/${RUN}.${PDY}/${cyc}/$COMPONENT}
> export COMOUT=${COMOUT:-$(compath.py -o ${envir}/${NET}/${gfs_ver})/${RUN}.${PDY}/${cyc}/$COMPONENT}
> ####
++ diff /lfs/h1/ops/prod/packages/gfs.v16.2.0/ecf/scripts/./gfs/atmos/post_processing/awips_g2/jgfs_atmos_awips_g2_f198.ecf /lfs/h2/emc/global/noscrub/Lin.Gan/git/feature-ops-wcoss2/ecf/scripts/./gfs/atmos/post_processing/awips_g2/jgfs_atmos_awips_g2_f198.ecf
30c30
< module load cfp/${cfp_ver}
---
> #module load cfp/${cfp_ver}
42d41
< export USE_CFP=YES
44a44,49
> 
> #### EMC developer only
> COMPONENT=atmos
> export COMIN=${COMIN:-$(compath.py -o ${envir}/${NET}/${gfs_ver})/${RUN}.${PDY}/${cyc}/$COMPONENT}
> export COMOUT=${COMOUT:-$(compath.py -o ${envir}/${NET}/${gfs_ver})/${RUN}.${PDY}/${cyc}/$COMPONENT}
> ####
++ diff /lfs/h1/ops/prod/packages/gfs.v16.2.0/ecf/scripts/./gfs/atmos/post_processing/awips_g2/jgfs_atmos_awips_g2_f186.ecf /lfs/h2/emc/global/noscrub/Lin.Gan/git/feature-ops-wcoss2/ecf/scripts/./gfs/atmos/post_processing/awips_g2/jgfs_atmos_awips_g2_f186.ecf
30c30
< module load cfp/${cfp_ver}
---
> #module load cfp/${cfp_ver}
42d41
< export USE_CFP=YES
44a44,49
> 
> #### EMC developer only
> COMPONENT=atmos
> export COMIN=${COMIN:-$(compath.py -o ${envir}/${NET}/${gfs_ver})/${RUN}.${PDY}/${cyc}/$COMPONENT}
> export COMOUT=${COMOUT:-$(compath.py -o ${envir}/${NET}/${gfs_ver})/${RUN}.${PDY}/${cyc}/$COMPONENT}
> ####
++ diff /lfs/h1/ops/prod/packages/gfs.v16.2.0/ecf/scripts/./gfs/atmos/post_processing/awips_g2/jgfs_atmos_awips_g2_f084.ecf /lfs/h2/emc/global/noscrub/Lin.Gan/git/feature-ops-wcoss2/ecf/scripts/./gfs/atmos/post_processing/awips_g2/jgfs_atmos_awips_g2_f084.ecf
30c30
< module load cfp/${cfp_ver}
---
> #module load cfp/${cfp_ver}
42d41
< export USE_CFP=YES
44a44,49
> 
> #### EMC developer only
> COMPONENT=atmos
> export COMIN=${COMIN:-$(compath.py -o ${envir}/${NET}/${gfs_ver})/${RUN}.${PDY}/${cyc}/$COMPONENT}
> export COMOUT=${COMOUT:-$(compath.py -o ${envir}/${NET}/${gfs_ver})/${RUN}.${PDY}/${cyc}/$COMPONENT}
> ####
++ diff /lfs/h1/ops/prod/packages/gfs.v16.2.0/ecf/scripts/./gfs/atmos/post_processing/awips_g2/jgfs_atmos_awips_g2_f063.ecf /lfs/h2/emc/global/noscrub/Lin.Gan/git/feature-ops-wcoss2/ecf/scripts/./gfs/atmos/post_processing/awips_g2/jgfs_atmos_awips_g2_f063.ecf
30c30
< module load cfp/${cfp_ver}
---
> #module load cfp/${cfp_ver}
42d41
< export USE_CFP=YES
44a44,49
> 
> #### EMC developer only
> COMPONENT=atmos
> export COMIN=${COMIN:-$(compath.py -o ${envir}/${NET}/${gfs_ver})/${RUN}.${PDY}/${cyc}/$COMPONENT}
> export COMOUT=${COMOUT:-$(compath.py -o ${envir}/${NET}/${gfs_ver})/${RUN}.${PDY}/${cyc}/$COMPONENT}
> ####
++ diff /lfs/h1/ops/prod/packages/gfs.v16.2.0/ecf/scripts/./gfs/atmos/post_processing/awips_g2/jgfs_atmos_awips_g2_f132.ecf /lfs/h2/emc/global/noscrub/Lin.Gan/git/feature-ops-wcoss2/ecf/scripts/./gfs/atmos/post_processing/awips_g2/jgfs_atmos_awips_g2_f132.ecf
30c30
< module load cfp/${cfp_ver}
---
> #module load cfp/${cfp_ver}
42d41
< export USE_CFP=YES
44a44,49
> 
> #### EMC developer only
> COMPONENT=atmos
> export COMIN=${COMIN:-$(compath.py -o ${envir}/${NET}/${gfs_ver})/${RUN}.${PDY}/${cyc}/$COMPONENT}
> export COMOUT=${COMOUT:-$(compath.py -o ${envir}/${NET}/${gfs_ver})/${RUN}.${PDY}/${cyc}/$COMPONENT}
> ####
++ diff /lfs/h1/ops/prod/packages/gfs.v16.2.0/ecf/scripts/./gfs/atmos/post_processing/awips_g2/jgfs_atmos_awips_g2_f204.ecf /lfs/h2/emc/global/noscrub/Lin.Gan/git/feature-ops-wcoss2/ecf/scripts/./gfs/atmos/post_processing/awips_g2/jgfs_atmos_awips_g2_f204.ecf
30c30
< module load cfp/${cfp_ver}
---
> #module load cfp/${cfp_ver}
42d41
< export USE_CFP=YES
44a44,49
> 
> #### EMC developer only
> COMPONENT=atmos
> export COMIN=${COMIN:-$(compath.py -o ${envir}/${NET}/${gfs_ver})/${RUN}.${PDY}/${cyc}/$COMPONENT}
> export COMOUT=${COMOUT:-$(compath.py -o ${envir}/${NET}/${gfs_ver})/${RUN}.${PDY}/${cyc}/$COMPONENT}
> ####
++ diff /lfs/h1/ops/prod/packages/gfs.v16.2.0/ecf/scripts/./gfs/atmos/post_processing/awips_g2/jgfs_atmos_awips_g2_f090.ecf /lfs/h2/emc/global/noscrub/Lin.Gan/git/feature-ops-wcoss2/ecf/scripts/./gfs/atmos/post_processing/awips_g2/jgfs_atmos_awips_g2_f090.ecf
30c30
< module load cfp/${cfp_ver}
---
> #module load cfp/${cfp_ver}
42d41
< export USE_CFP=YES
44a44,49
> 
> #### EMC developer only
> COMPONENT=atmos
> export COMIN=${COMIN:-$(compath.py -o ${envir}/${NET}/${gfs_ver})/${RUN}.${PDY}/${cyc}/$COMPONENT}
> export COMOUT=${COMOUT:-$(compath.py -o ${envir}/${NET}/${gfs_ver})/${RUN}.${PDY}/${cyc}/$COMPONENT}
> ####
++ diff /lfs/h1/ops/prod/packages/gfs.v16.2.0/ecf/scripts/./gfs/atmos/post_processing/awips_g2/jgfs_atmos_awips_g2_f066.ecf /lfs/h2/emc/global/noscrub/Lin.Gan/git/feature-ops-wcoss2/ecf/scripts/./gfs/atmos/post_processing/awips_g2/jgfs_atmos_awips_g2_f066.ecf
30c30
< module load cfp/${cfp_ver}
---
> #module load cfp/${cfp_ver}
42d41
< export USE_CFP=YES
44a44,49
> 
> #### EMC developer only
> COMPONENT=atmos
> export COMIN=${COMIN:-$(compath.py -o ${envir}/${NET}/${gfs_ver})/${RUN}.${PDY}/${cyc}/$COMPONENT}
> export COMOUT=${COMOUT:-$(compath.py -o ${envir}/${NET}/${gfs_ver})/${RUN}.${PDY}/${cyc}/$COMPONENT}
> ####
++ diff /lfs/h1/ops/prod/packages/gfs.v16.2.0/ecf/scripts/./gfs/atmos/post_processing/awips_g2/jgfs_atmos_awips_g2_f228.ecf /lfs/h2/emc/global/noscrub/Lin.Gan/git/feature-ops-wcoss2/ecf/scripts/./gfs/atmos/post_processing/awips_g2/jgfs_atmos_awips_g2_f228.ecf
30c30
< module load cfp/${cfp_ver}
---
> #module load cfp/${cfp_ver}
42d41
< export USE_CFP=YES
44a44,49
> 
> #### EMC developer only
> COMPONENT=atmos
> export COMIN=${COMIN:-$(compath.py -o ${envir}/${NET}/${gfs_ver})/${RUN}.${PDY}/${cyc}/$COMPONENT}
> export COMOUT=${COMOUT:-$(compath.py -o ${envir}/${NET}/${gfs_ver})/${RUN}.${PDY}/${cyc}/$COMPONENT}
> ####
++ diff /lfs/h1/ops/prod/packages/gfs.v16.2.0/ecf/scripts/./gfs/atmos/post_processing/awips_g2/jgfs_atmos_awips_g2_f000.ecf /lfs/h2/emc/global/noscrub/Lin.Gan/git/feature-ops-wcoss2/ecf/scripts/./gfs/atmos/post_processing/awips_g2/jgfs_atmos_awips_g2_f000.ecf
30c30
< module load cfp/${cfp_ver}
---
> #module load cfp/${cfp_ver}
42d41
< export USE_CFP=YES
44a44,49
> 
> #### EMC developer only
> COMPONENT=atmos
> export COMIN=${COMIN:-$(compath.py -o ${envir}/${NET}/${gfs_ver})/${RUN}.${PDY}/${cyc}/$COMPONENT}
> export COMOUT=${COMOUT:-$(compath.py -o ${envir}/${NET}/${gfs_ver})/${RUN}.${PDY}/${cyc}/$COMPONENT}
> ####
++ diff /lfs/h1/ops/prod/packages/gfs.v16.2.0/ecf/scripts/./gfs/atmos/post_processing/awips_g2/jgfs_atmos_awips_g2_f114.ecf /lfs/h2/emc/global/noscrub/Lin.Gan/git/feature-ops-wcoss2/ecf/scripts/./gfs/atmos/post_processing/awips_g2/jgfs_atmos_awips_g2_f114.ecf
30c30
< module load cfp/${cfp_ver}
---
> #module load cfp/${cfp_ver}
42d41
< export USE_CFP=YES
44a44,49
> 
> #### EMC developer only
> COMPONENT=atmos
> export COMIN=${COMIN:-$(compath.py -o ${envir}/${NET}/${gfs_ver})/${RUN}.${PDY}/${cyc}/$COMPONENT}
> export COMOUT=${COMOUT:-$(compath.py -o ${envir}/${NET}/${gfs_ver})/${RUN}.${PDY}/${cyc}/$COMPONENT}
> ####
++ diff /lfs/h1/ops/prod/packages/gfs.v16.2.0/ecf/scripts/./gfs/atmos/post_processing/awips_g2/jgfs_atmos_awips_g2_f162.ecf /lfs/h2/emc/global/noscrub/Lin.Gan/git/feature-ops-wcoss2/ecf/scripts/./gfs/atmos/post_processing/awips_g2/jgfs_atmos_awips_g2_f162.ecf
30c30
< module load cfp/${cfp_ver}
---
> #module load cfp/${cfp_ver}
42d41
< export USE_CFP=YES
44a44,49
> 
> #### EMC developer only
> COMPONENT=atmos
> export COMIN=${COMIN:-$(compath.py -o ${envir}/${NET}/${gfs_ver})/${RUN}.${PDY}/${cyc}/$COMPONENT}
> export COMOUT=${COMOUT:-$(compath.py -o ${envir}/${NET}/${gfs_ver})/${RUN}.${PDY}/${cyc}/$COMPONENT}
> ####
++ diff /lfs/h1/ops/prod/packages/gfs.v16.2.0/ecf/scripts/./gfs/atmos/post_processing/awips_g2/jgfs_atmos_awips_g2_f045.ecf /lfs/h2/emc/global/noscrub/Lin.Gan/git/feature-ops-wcoss2/ecf/scripts/./gfs/atmos/post_processing/awips_g2/jgfs_atmos_awips_g2_f045.ecf
30c30
< module load cfp/${cfp_ver}
---
> #module load cfp/${cfp_ver}
42d41
< export USE_CFP=YES
44a44,49
> 
> #### EMC developer only
> COMPONENT=atmos
> export COMIN=${COMIN:-$(compath.py -o ${envir}/${NET}/${gfs_ver})/${RUN}.${PDY}/${cyc}/$COMPONENT}
> export COMOUT=${COMOUT:-$(compath.py -o ${envir}/${NET}/${gfs_ver})/${RUN}.${PDY}/${cyc}/$COMPONENT}
> ####
++ diff /lfs/h1/ops/prod/packages/gfs.v16.2.0/ecf/scripts/./gfs/atmos/post_processing/awips_g2/jgfs_atmos_awips_g2_f192.ecf /lfs/h2/emc/global/noscrub/Lin.Gan/git/feature-ops-wcoss2/ecf/scripts/./gfs/atmos/post_processing/awips_g2/jgfs_atmos_awips_g2_f192.ecf
30c30
< module load cfp/${cfp_ver}
---
> #module load cfp/${cfp_ver}
42d41
< export USE_CFP=YES
44a44,49
> 
> #### EMC developer only
> COMPONENT=atmos
> export COMIN=${COMIN:-$(compath.py -o ${envir}/${NET}/${gfs_ver})/${RUN}.${PDY}/${cyc}/$COMPONENT}
> export COMOUT=${COMOUT:-$(compath.py -o ${envir}/${NET}/${gfs_ver})/${RUN}.${PDY}/${cyc}/$COMPONENT}
> ####
++ diff /lfs/h1/ops/prod/packages/gfs.v16.2.0/ecf/scripts/./gfs/atmos/post_processing/awips_g2/jgfs_atmos_awips_g2_f036.ecf /lfs/h2/emc/global/noscrub/Lin.Gan/git/feature-ops-wcoss2/ecf/scripts/./gfs/atmos/post_processing/awips_g2/jgfs_atmos_awips_g2_f036.ecf
30c30
< module load cfp/${cfp_ver}
---
> #module load cfp/${cfp_ver}
42d41
< export USE_CFP=YES
44a44,49
> 
> #### EMC developer only
> COMPONENT=atmos
> export COMIN=${COMIN:-$(compath.py -o ${envir}/${NET}/${gfs_ver})/${RUN}.${PDY}/${cyc}/$COMPONENT}
> export COMOUT=${COMOUT:-$(compath.py -o ${envir}/${NET}/${gfs_ver})/${RUN}.${PDY}/${cyc}/$COMPONENT}
> ####
++ diff /lfs/h1/ops/prod/packages/gfs.v16.2.0/ecf/scripts/./gfs/atmos/post_processing/awips_g2/jgfs_atmos_awips_g2_f108.ecf /lfs/h2/emc/global/noscrub/Lin.Gan/git/feature-ops-wcoss2/ecf/scripts/./gfs/atmos/post_processing/awips_g2/jgfs_atmos_awips_g2_f108.ecf
30c30
< module load cfp/${cfp_ver}
---
> #module load cfp/${cfp_ver}
42d41
< export USE_CFP=YES
44a44,49
> 
> #### EMC developer only
> COMPONENT=atmos
> export COMIN=${COMIN:-$(compath.py -o ${envir}/${NET}/${gfs_ver})/${RUN}.${PDY}/${cyc}/$COMPONENT}
> export COMOUT=${COMOUT:-$(compath.py -o ${envir}/${NET}/${gfs_ver})/${RUN}.${PDY}/${cyc}/$COMPONENT}
> ####
++ diff /lfs/h1/ops/prod/packages/gfs.v16.2.0/ecf/scripts/./gfs/atmos/post_processing/awips_g2/jgfs_atmos_awips_g2_f042.ecf /lfs/h2/emc/global/noscrub/Lin.Gan/git/feature-ops-wcoss2/ecf/scripts/./gfs/atmos/post_processing/awips_g2/jgfs_atmos_awips_g2_f042.ecf
30c30
< module load cfp/${cfp_ver}
---
> #module load cfp/${cfp_ver}
42d41
< export USE_CFP=YES
44a44,49
> 
> #### EMC developer only
> COMPONENT=atmos
> export COMIN=${COMIN:-$(compath.py -o ${envir}/${NET}/${gfs_ver})/${RUN}.${PDY}/${cyc}/$COMPONENT}
> export COMOUT=${COMOUT:-$(compath.py -o ${envir}/${NET}/${gfs_ver})/${RUN}.${PDY}/${cyc}/$COMPONENT}
> ####
++ diff /lfs/h1/ops/prod/packages/gfs.v16.2.0/ecf/scripts/./gfs/atmos/post_processing/awips_g2/jgfs_atmos_awips_g2_f009.ecf /lfs/h2/emc/global/noscrub/Lin.Gan/git/feature-ops-wcoss2/ecf/scripts/./gfs/atmos/post_processing/awips_g2/jgfs_atmos_awips_g2_f009.ecf
30c30
< module load cfp/${cfp_ver}
---
> #module load cfp/${cfp_ver}
42d41
< export USE_CFP=YES
44a44,49
> 
> #### EMC developer only
> COMPONENT=atmos
> export COMIN=${COMIN:-$(compath.py -o ${envir}/${NET}/${gfs_ver})/${RUN}.${PDY}/${cyc}/$COMPONENT}
> export COMOUT=${COMOUT:-$(compath.py -o ${envir}/${NET}/${gfs_ver})/${RUN}.${PDY}/${cyc}/$COMPONENT}
> ####
++ diff /lfs/h1/ops/prod/packages/gfs.v16.2.0/ecf/scripts/./gfs/atmos/post_processing/awips_g2/jgfs_atmos_awips_g2_f069.ecf /lfs/h2/emc/global/noscrub/Lin.Gan/git/feature-ops-wcoss2/ecf/scripts/./gfs/atmos/post_processing/awips_g2/jgfs_atmos_awips_g2_f069.ecf
30c30
< module load cfp/${cfp_ver}
---
> #module load cfp/${cfp_ver}
42d41
< export USE_CFP=YES
44a44,49
> 
> #### EMC developer only
> COMPONENT=atmos
> export COMIN=${COMIN:-$(compath.py -o ${envir}/${NET}/${gfs_ver})/${RUN}.${PDY}/${cyc}/$COMPONENT}
> export COMOUT=${COMOUT:-$(compath.py -o ${envir}/${NET}/${gfs_ver})/${RUN}.${PDY}/${cyc}/$COMPONENT}
> ####
++ diff /lfs/h1/ops/prod/packages/gfs.v16.2.0/ecf/scripts/./gfs/atmos/post_processing/awips_g2/jgfs_atmos_awips_g2_f222.ecf /lfs/h2/emc/global/noscrub/Lin.Gan/git/feature-ops-wcoss2/ecf/scripts/./gfs/atmos/post_processing/awips_g2/jgfs_atmos_awips_g2_f222.ecf
30c30
< module load cfp/${cfp_ver}
---
> #module load cfp/${cfp_ver}
42d41
< export USE_CFP=YES
44a44,49
> 
> #### EMC developer only
> COMPONENT=atmos
> export COMIN=${COMIN:-$(compath.py -o ${envir}/${NET}/${gfs_ver})/${RUN}.${PDY}/${cyc}/$COMPONENT}
> export COMOUT=${COMOUT:-$(compath.py -o ${envir}/${NET}/${gfs_ver})/${RUN}.${PDY}/${cyc}/$COMPONENT}
> ####
++ diff /lfs/h1/ops/prod/packages/gfs.v16.2.0/ecf/scripts/./gfs/atmos/post_processing/awips_g2/jgfs_atmos_awips_g2_f003.ecf /lfs/h2/emc/global/noscrub/Lin.Gan/git/feature-ops-wcoss2/ecf/scripts/./gfs/atmos/post_processing/awips_g2/jgfs_atmos_awips_g2_f003.ecf
30c30
< module load cfp/${cfp_ver}
---
> #module load cfp/${cfp_ver}
42d41
< export USE_CFP=YES
44a44,49
> 
> #### EMC developer only
> COMPONENT=atmos
> export COMIN=${COMIN:-$(compath.py -o ${envir}/${NET}/${gfs_ver})/${RUN}.${PDY}/${cyc}/$COMPONENT}
> export COMOUT=${COMOUT:-$(compath.py -o ${envir}/${NET}/${gfs_ver})/${RUN}.${PDY}/${cyc}/$COMPONENT}
> ####
++ diff /lfs/h1/ops/prod/packages/gfs.v16.2.0/ecf/scripts/./gfs/atmos/post_processing/awips_g2/jgfs_atmos_awips_g2_f024.ecf /lfs/h2/emc/global/noscrub/Lin.Gan/git/feature-ops-wcoss2/ecf/scripts/./gfs/atmos/post_processing/awips_g2/jgfs_atmos_awips_g2_f024.ecf
30c30
< module load cfp/${cfp_ver}
---
> #module load cfp/${cfp_ver}
42d41
< export USE_CFP=YES
44a44,49
> 
> #### EMC developer only
> COMPONENT=atmos
> export COMIN=${COMIN:-$(compath.py -o ${envir}/${NET}/${gfs_ver})/${RUN}.${PDY}/${cyc}/$COMPONENT}
> export COMOUT=${COMOUT:-$(compath.py -o ${envir}/${NET}/${gfs_ver})/${RUN}.${PDY}/${cyc}/$COMPONENT}
> ####
++ diff /lfs/h1/ops/prod/packages/gfs.v16.2.0/ecf/scripts/./gfs/atmos/post_processing/awips_g2/jgfs_atmos_awips_g2_f078.ecf /lfs/h2/emc/global/noscrub/Lin.Gan/git/feature-ops-wcoss2/ecf/scripts/./gfs/atmos/post_processing/awips_g2/jgfs_atmos_awips_g2_f078.ecf
30c30
< module load cfp/${cfp_ver}
---
> #module load cfp/${cfp_ver}
42d41
< export USE_CFP=YES
44a44,49
> 
> #### EMC developer only
> COMPONENT=atmos
> export COMIN=${COMIN:-$(compath.py -o ${envir}/${NET}/${gfs_ver})/${RUN}.${PDY}/${cyc}/$COMPONENT}
> export COMOUT=${COMOUT:-$(compath.py -o ${envir}/${NET}/${gfs_ver})/${RUN}.${PDY}/${cyc}/$COMPONENT}
> ####
++ diff /lfs/h1/ops/prod/packages/gfs.v16.2.0/ecf/scripts/./gfs/atmos/post_processing/awips_g2/jgfs_atmos_awips_g2_f234.ecf /lfs/h2/emc/global/noscrub/Lin.Gan/git/feature-ops-wcoss2/ecf/scripts/./gfs/atmos/post_processing/awips_g2/jgfs_atmos_awips_g2_f234.ecf
30c30
< module load cfp/${cfp_ver}
---
> #module load cfp/${cfp_ver}
42d41
< export USE_CFP=YES
44a44,49
> 
> #### EMC developer only
> COMPONENT=atmos
> export COMIN=${COMIN:-$(compath.py -o ${envir}/${NET}/${gfs_ver})/${RUN}.${PDY}/${cyc}/$COMPONENT}
> export COMOUT=${COMOUT:-$(compath.py -o ${envir}/${NET}/${gfs_ver})/${RUN}.${PDY}/${cyc}/$COMPONENT}
> ####
++ diff /lfs/h1/ops/prod/packages/gfs.v16.2.0/ecf/scripts/./gfs/atmos/post_processing/awips_g2/jgfs_atmos_awips_g2_f018.ecf /lfs/h2/emc/global/noscrub/Lin.Gan/git/feature-ops-wcoss2/ecf/scripts/./gfs/atmos/post_processing/awips_g2/jgfs_atmos_awips_g2_f018.ecf
30c30
< module load cfp/${cfp_ver}
---
> #module load cfp/${cfp_ver}
42d41
< export USE_CFP=YES
44a44,49
> 
> #### EMC developer only
> COMPONENT=atmos
> export COMIN=${COMIN:-$(compath.py -o ${envir}/${NET}/${gfs_ver})/${RUN}.${PDY}/${cyc}/$COMPONENT}
> export COMOUT=${COMOUT:-$(compath.py -o ${envir}/${NET}/${gfs_ver})/${RUN}.${PDY}/${cyc}/$COMPONENT}
> ####
++ diff /lfs/h1/ops/prod/packages/gfs.v16.2.0/ecf/scripts/./gfs/atmos/post_processing/awips_g2/jgfs_atmos_awips_g2_f006.ecf /lfs/h2/emc/global/noscrub/Lin.Gan/git/feature-ops-wcoss2/ecf/scripts/./gfs/atmos/post_processing/awips_g2/jgfs_atmos_awips_g2_f006.ecf
30c30
< module load cfp/${cfp_ver}
---
> #module load cfp/${cfp_ver}
42d41
< export USE_CFP=YES
44a44,49
> 
> #### EMC developer only
> COMPONENT=atmos
> export COMIN=${COMIN:-$(compath.py -o ${envir}/${NET}/${gfs_ver})/${RUN}.${PDY}/${cyc}/$COMPONENT}
> export COMOUT=${COMOUT:-$(compath.py -o ${envir}/${NET}/${gfs_ver})/${RUN}.${PDY}/${cyc}/$COMPONENT}
> ####
++ diff /lfs/h1/ops/prod/packages/gfs.v16.2.0/ecf/scripts/./gfs/atmos/post_processing/awips_g2/jgfs_atmos_awips_g2_f057.ecf /lfs/h2/emc/global/noscrub/Lin.Gan/git/feature-ops-wcoss2/ecf/scripts/./gfs/atmos/post_processing/awips_g2/jgfs_atmos_awips_g2_f057.ecf
30c30
< module load cfp/${cfp_ver}
---
> #module load cfp/${cfp_ver}
42d41
< export USE_CFP=YES
44a44,49
> 
> #### EMC developer only
> COMPONENT=atmos
> export COMIN=${COMIN:-$(compath.py -o ${envir}/${NET}/${gfs_ver})/${RUN}.${PDY}/${cyc}/$COMPONENT}
> export COMOUT=${COMOUT:-$(compath.py -o ${envir}/${NET}/${gfs_ver})/${RUN}.${PDY}/${cyc}/$COMPONENT}
> ####
++ diff /lfs/h1/ops/prod/packages/gfs.v16.2.0/ecf/scripts/./gfs/atmos/post_processing/awips_g2/jgfs_atmos_awips_g2_master.ecf /lfs/h2/emc/global/noscrub/Lin.Gan/git/feature-ops-wcoss2/ecf/scripts/./gfs/atmos/post_processing/awips_g2/jgfs_atmos_awips_g2_master.ecf
30c30
< module load cfp/${cfp_ver}
---
> #module load cfp/${cfp_ver}
42d41
< export USE_CFP=YES
44a44,49
> 
> #### EMC developer only
> COMPONENT=atmos
> export COMIN=${COMIN:-$(compath.py -o ${envir}/${NET}/${gfs_ver})/${RUN}.${PDY}/${cyc}/$COMPONENT}
> export COMOUT=${COMOUT:-$(compath.py -o ${envir}/${NET}/${gfs_ver})/${RUN}.${PDY}/${cyc}/$COMPONENT}
> ####
++ diff /lfs/h1/ops/prod/packages/gfs.v16.2.0/ecf/scripts/./gfs/atmos/post_processing/awips_g2/jgfs_atmos_awips_g2_f054.ecf /lfs/h2/emc/global/noscrub/Lin.Gan/git/feature-ops-wcoss2/ecf/scripts/./gfs/atmos/post_processing/awips_g2/jgfs_atmos_awips_g2_f054.ecf
30c30
< module load cfp/${cfp_ver}
---
> #module load cfp/${cfp_ver}
42d41
< export USE_CFP=YES
44a44,49
> 
> #### EMC developer only
> COMPONENT=atmos
> export COMIN=${COMIN:-$(compath.py -o ${envir}/${NET}/${gfs_ver})/${RUN}.${PDY}/${cyc}/$COMPONENT}
> export COMOUT=${COMOUT:-$(compath.py -o ${envir}/${NET}/${gfs_ver})/${RUN}.${PDY}/${cyc}/$COMPONENT}
> ####
++ diff /lfs/h1/ops/prod/packages/gfs.v16.2.0/ecf/scripts/./gfs/atmos/post_processing/awips_g2/jgfs_atmos_awips_g2_f156.ecf /lfs/h2/emc/global/noscrub/Lin.Gan/git/feature-ops-wcoss2/ecf/scripts/./gfs/atmos/post_processing/awips_g2/jgfs_atmos_awips_g2_f156.ecf
30c30
< module load cfp/${cfp_ver}
---
> #module load cfp/${cfp_ver}
42d41
< export USE_CFP=YES
44a44,49
> 
> #### EMC developer only
> COMPONENT=atmos
> export COMIN=${COMIN:-$(compath.py -o ${envir}/${NET}/${gfs_ver})/${RUN}.${PDY}/${cyc}/$COMPONENT}
> export COMOUT=${COMOUT:-$(compath.py -o ${envir}/${NET}/${gfs_ver})/${RUN}.${PDY}/${cyc}/$COMPONENT}
> ####
++ diff /lfs/h1/ops/prod/packages/gfs.v16.2.0/ecf/scripts/./gfs/atmos/post_processing/awips_g2/jgfs_atmos_awips_g2_f075.ecf /lfs/h2/emc/global/noscrub/Lin.Gan/git/feature-ops-wcoss2/ecf/scripts/./gfs/atmos/post_processing/awips_g2/jgfs_atmos_awips_g2_f075.ecf
30c30
< module load cfp/${cfp_ver}
---
> #module load cfp/${cfp_ver}
42d41
< export USE_CFP=YES
44a44,49
> 
> #### EMC developer only
> COMPONENT=atmos
> export COMIN=${COMIN:-$(compath.py -o ${envir}/${NET}/${gfs_ver})/${RUN}.${PDY}/${cyc}/$COMPONENT}
> export COMOUT=${COMOUT:-$(compath.py -o ${envir}/${NET}/${gfs_ver})/${RUN}.${PDY}/${cyc}/$COMPONENT}
> ####
++ diff /lfs/h1/ops/prod/packages/gfs.v16.2.0/ecf/scripts/./gfs/atmos/post_processing/awips_g2/jgfs_atmos_awips_g2_f174.ecf /lfs/h2/emc/global/noscrub/Lin.Gan/git/feature-ops-wcoss2/ecf/scripts/./gfs/atmos/post_processing/awips_g2/jgfs_atmos_awips_g2_f174.ecf
30c30
< module load cfp/${cfp_ver}
---
> #module load cfp/${cfp_ver}
42d41
< export USE_CFP=YES
44a44,49
> 
> #### EMC developer only
> COMPONENT=atmos
> export COMIN=${COMIN:-$(compath.py -o ${envir}/${NET}/${gfs_ver})/${RUN}.${PDY}/${cyc}/$COMPONENT}
> export COMOUT=${COMOUT:-$(compath.py -o ${envir}/${NET}/${gfs_ver})/${RUN}.${PDY}/${cyc}/$COMPONENT}
> ####
++ diff /lfs/h1/ops/prod/packages/gfs.v16.2.0/ecf/scripts/./gfs/atmos/post_processing/awips_g2/jgfs_atmos_awips_g2_f051.ecf /lfs/h2/emc/global/noscrub/Lin.Gan/git/feature-ops-wcoss2/ecf/scripts/./gfs/atmos/post_processing/awips_g2/jgfs_atmos_awips_g2_f051.ecf
30c30
< module load cfp/${cfp_ver}
---
> #module load cfp/${cfp_ver}
42d41
< export USE_CFP=YES
44a44,49
> 
> #### EMC developer only
> COMPONENT=atmos
> export COMIN=${COMIN:-$(compath.py -o ${envir}/${NET}/${gfs_ver})/${RUN}.${PDY}/${cyc}/$COMPONENT}
> export COMOUT=${COMOUT:-$(compath.py -o ${envir}/${NET}/${gfs_ver})/${RUN}.${PDY}/${cyc}/$COMPONENT}
> ####
++ diff /lfs/h1/ops/prod/packages/gfs.v16.2.0/ecf/scripts/./gfs/atmos/post_processing/awips_g2/jgfs_atmos_awips_g2_f060.ecf /lfs/h2/emc/global/noscrub/Lin.Gan/git/feature-ops-wcoss2/ecf/scripts/./gfs/atmos/post_processing/awips_g2/jgfs_atmos_awips_g2_f060.ecf
30c30
< module load cfp/${cfp_ver}
---
> #module load cfp/${cfp_ver}
42d41
< export USE_CFP=YES
44a44,49
> 
> #### EMC developer only
> COMPONENT=atmos
> export COMIN=${COMIN:-$(compath.py -o ${envir}/${NET}/${gfs_ver})/${RUN}.${PDY}/${cyc}/$COMPONENT}
> export COMOUT=${COMOUT:-$(compath.py -o ${envir}/${NET}/${gfs_ver})/${RUN}.${PDY}/${cyc}/$COMPONENT}
> ####
++ diff /lfs/h1/ops/prod/packages/gfs.v16.2.0/ecf/scripts/./gfs/atmos/post_processing/awips_g2/jgfs_atmos_awips_g2_f138.ecf /lfs/h2/emc/global/noscrub/Lin.Gan/git/feature-ops-wcoss2/ecf/scripts/./gfs/atmos/post_processing/awips_g2/jgfs_atmos_awips_g2_f138.ecf
30c30
< module load cfp/${cfp_ver}
---
> #module load cfp/${cfp_ver}
42d41
< export USE_CFP=YES
44a44,49
> 
> #### EMC developer only
> COMPONENT=atmos
> export COMIN=${COMIN:-$(compath.py -o ${envir}/${NET}/${gfs_ver})/${RUN}.${PDY}/${cyc}/$COMPONENT}
> export COMOUT=${COMOUT:-$(compath.py -o ${envir}/${NET}/${gfs_ver})/${RUN}.${PDY}/${cyc}/$COMPONENT}
> ####
++ diff /lfs/h1/ops/prod/packages/gfs.v16.2.0/ecf/scripts/./gfs/atmos/post_processing/awips_g2/jgfs_atmos_awips_g2_f072.ecf /lfs/h2/emc/global/noscrub/Lin.Gan/git/feature-ops-wcoss2/ecf/scripts/./gfs/atmos/post_processing/awips_g2/jgfs_atmos_awips_g2_f072.ecf
30c30
< module load cfp/${cfp_ver}
---
> #module load cfp/${cfp_ver}
42d41
< export USE_CFP=YES
44a44,49
> 
> #### EMC developer only
> COMPONENT=atmos
> export COMIN=${COMIN:-$(compath.py -o ${envir}/${NET}/${gfs_ver})/${RUN}.${PDY}/${cyc}/$COMPONENT}
> export COMOUT=${COMOUT:-$(compath.py -o ${envir}/${NET}/${gfs_ver})/${RUN}.${PDY}/${cyc}/$COMPONENT}
> ####
++ diff /lfs/h1/ops/prod/packages/gfs.v16.2.0/ecf/scripts/./gfs/atmos/post_processing/awips_g2/jgfs_atmos_awips_g2_f030.ecf /lfs/h2/emc/global/noscrub/Lin.Gan/git/feature-ops-wcoss2/ecf/scripts/./gfs/atmos/post_processing/awips_g2/jgfs_atmos_awips_g2_f030.ecf
30c30
< module load cfp/${cfp_ver}
---
> #module load cfp/${cfp_ver}
42d41
< export USE_CFP=YES
44a44,49
> 
> #### EMC developer only
> COMPONENT=atmos
> export COMIN=${COMIN:-$(compath.py -o ${envir}/${NET}/${gfs_ver})/${RUN}.${PDY}/${cyc}/$COMPONENT}
> export COMOUT=${COMOUT:-$(compath.py -o ${envir}/${NET}/${gfs_ver})/${RUN}.${PDY}/${cyc}/$COMPONENT}
> ####
++ diff /lfs/h1/ops/prod/packages/gfs.v16.2.0/ecf/scripts/./gfs/atmos/post_processing/awips_g2/jgfs_atmos_awips_g2_f240.ecf /lfs/h2/emc/global/noscrub/Lin.Gan/git/feature-ops-wcoss2/ecf/scripts/./gfs/atmos/post_processing/awips_g2/jgfs_atmos_awips_g2_f240.ecf
30c30
< module load cfp/${cfp_ver}
---
> #module load cfp/${cfp_ver}
42d41
< export USE_CFP=YES
44a44,49
> 
> #### EMC developer only
> COMPONENT=atmos
> export COMIN=${COMIN:-$(compath.py -o ${envir}/${NET}/${gfs_ver})/${RUN}.${PDY}/${cyc}/$COMPONENT}
> export COMOUT=${COMOUT:-$(compath.py -o ${envir}/${NET}/${gfs_ver})/${RUN}.${PDY}/${cyc}/$COMPONENT}
> ####
++ diff /lfs/h1/ops/prod/packages/gfs.v16.2.0/ecf/scripts/./gfs/atmos/post_processing/awips_g2/jgfs_atmos_awips_g2_f144.ecf /lfs/h2/emc/global/noscrub/Lin.Gan/git/feature-ops-wcoss2/ecf/scripts/./gfs/atmos/post_processing/awips_g2/jgfs_atmos_awips_g2_f144.ecf
30c30
< module load cfp/${cfp_ver}
---
> #module load cfp/${cfp_ver}
42d41
< export USE_CFP=YES
44a44,49
> 
> #### EMC developer only
> COMPONENT=atmos
> export COMIN=${COMIN:-$(compath.py -o ${envir}/${NET}/${gfs_ver})/${RUN}.${PDY}/${cyc}/$COMPONENT}
> export COMOUT=${COMOUT:-$(compath.py -o ${envir}/${NET}/${gfs_ver})/${RUN}.${PDY}/${cyc}/$COMPONENT}
> ####
++ diff /lfs/h1/ops/prod/packages/gfs.v16.2.0/ecf/scripts/./gfs/atmos/post_processing/awips_g2/jgfs_atmos_awips_g2_f126.ecf /lfs/h2/emc/global/noscrub/Lin.Gan/git/feature-ops-wcoss2/ecf/scripts/./gfs/atmos/post_processing/awips_g2/jgfs_atmos_awips_g2_f126.ecf
30c30
< module load cfp/${cfp_ver}
---
> #module load cfp/${cfp_ver}
42d41
< export USE_CFP=YES
44a44,49
> 
> #### EMC developer only
> COMPONENT=atmos
> export COMIN=${COMIN:-$(compath.py -o ${envir}/${NET}/${gfs_ver})/${RUN}.${PDY}/${cyc}/$COMPONENT}
> export COMOUT=${COMOUT:-$(compath.py -o ${envir}/${NET}/${gfs_ver})/${RUN}.${PDY}/${cyc}/$COMPONENT}
> ####
++ diff /lfs/h1/ops/prod/packages/gfs.v16.2.0/ecf/scripts/./gfs/atmos/post_processing/awips_g2/jgfs_atmos_awips_g2_f039.ecf /lfs/h2/emc/global/noscrub/Lin.Gan/git/feature-ops-wcoss2/ecf/scripts/./gfs/atmos/post_processing/awips_g2/jgfs_atmos_awips_g2_f039.ecf
30c30
< module load cfp/${cfp_ver}
---
> #module load cfp/${cfp_ver}
42d41
< export USE_CFP=YES
44a44,49
> 
> #### EMC developer only
> COMPONENT=atmos
> export COMIN=${COMIN:-$(compath.py -o ${envir}/${NET}/${gfs_ver})/${RUN}.${PDY}/${cyc}/$COMPONENT}
> export COMOUT=${COMOUT:-$(compath.py -o ${envir}/${NET}/${gfs_ver})/${RUN}.${PDY}/${cyc}/$COMPONENT}
> ####
++ diff /lfs/h1/ops/prod/packages/gfs.v16.2.0/ecf/scripts/./gfs/atmos/post_processing/awips_g2/jgfs_atmos_awips_g2_f180.ecf /lfs/h2/emc/global/noscrub/Lin.Gan/git/feature-ops-wcoss2/ecf/scripts/./gfs/atmos/post_processing/awips_g2/jgfs_atmos_awips_g2_f180.ecf
30c30
< module load cfp/${cfp_ver}
---
> #module load cfp/${cfp_ver}
42d41
< export USE_CFP=YES
44a44,49
> 
> #### EMC developer only
> COMPONENT=atmos
> export COMIN=${COMIN:-$(compath.py -o ${envir}/${NET}/${gfs_ver})/${RUN}.${PDY}/${cyc}/$COMPONENT}
> export COMOUT=${COMOUT:-$(compath.py -o ${envir}/${NET}/${gfs_ver})/${RUN}.${PDY}/${cyc}/$COMPONENT}
> ####
++ diff /lfs/h1/ops/prod/packages/gfs.v16.2.0/ecf/scripts/./gfs/atmos/post_processing/awips_g2/jgfs_atmos_awips_g2_f216.ecf /lfs/h2/emc/global/noscrub/Lin.Gan/git/feature-ops-wcoss2/ecf/scripts/./gfs/atmos/post_processing/awips_g2/jgfs_atmos_awips_g2_f216.ecf
30c30
< module load cfp/${cfp_ver}
---
> #module load cfp/${cfp_ver}
42d41
< export USE_CFP=YES
44a44,49
> 
> #### EMC developer only
> COMPONENT=atmos
> export COMIN=${COMIN:-$(compath.py -o ${envir}/${NET}/${gfs_ver})/${RUN}.${PDY}/${cyc}/$COMPONENT}
> export COMOUT=${COMOUT:-$(compath.py -o ${envir}/${NET}/${gfs_ver})/${RUN}.${PDY}/${cyc}/$COMPONENT}
> ####
++ diff /lfs/h1/ops/prod/packages/gfs.v16.2.0/ecf/scripts/./gfs/atmos/post_processing/awips_g2/jgfs_atmos_awips_g2_f120.ecf /lfs/h2/emc/global/noscrub/Lin.Gan/git/feature-ops-wcoss2/ecf/scripts/./gfs/atmos/post_processing/awips_g2/jgfs_atmos_awips_g2_f120.ecf
30c30
< module load cfp/${cfp_ver}
---
> #module load cfp/${cfp_ver}
42d41
< export USE_CFP=YES
44a44,49
> 
> #### EMC developer only
> COMPONENT=atmos
> export COMIN=${COMIN:-$(compath.py -o ${envir}/${NET}/${gfs_ver})/${RUN}.${PDY}/${cyc}/$COMPONENT}
> export COMOUT=${COMOUT:-$(compath.py -o ${envir}/${NET}/${gfs_ver})/${RUN}.${PDY}/${cyc}/$COMPONENT}
> ####
++ diff /lfs/h1/ops/prod/packages/gfs.v16.2.0/ecf/scripts/./gfs/atmos/post_processing/awips_g2/jgfs_atmos_awips_g2_f015.ecf /lfs/h2/emc/global/noscrub/Lin.Gan/git/feature-ops-wcoss2/ecf/scripts/./gfs/atmos/post_processing/awips_g2/jgfs_atmos_awips_g2_f015.ecf
30c30
< module load cfp/${cfp_ver}
---
> #module load cfp/${cfp_ver}
42d41
< export USE_CFP=YES
44a44,49
> 
> #### EMC developer only
> COMPONENT=atmos
> export COMIN=${COMIN:-$(compath.py -o ${envir}/${NET}/${gfs_ver})/${RUN}.${PDY}/${cyc}/$COMPONENT}
> export COMOUT=${COMOUT:-$(compath.py -o ${envir}/${NET}/${gfs_ver})/${RUN}.${PDY}/${cyc}/$COMPONENT}
> ####
++ diff /lfs/h1/ops/prod/packages/gfs.v16.2.0/ecf/scripts/./gfs/atmos/post_processing/awips_g2/jgfs_atmos_awips_g2_f102.ecf /lfs/h2/emc/global/noscrub/Lin.Gan/git/feature-ops-wcoss2/ecf/scripts/./gfs/atmos/post_processing/awips_g2/jgfs_atmos_awips_g2_f102.ecf
30c30
< module load cfp/${cfp_ver}
---
> #module load cfp/${cfp_ver}
42d41
< export USE_CFP=YES
44a44,49
> 
> #### EMC developer only
> COMPONENT=atmos
> export COMIN=${COMIN:-$(compath.py -o ${envir}/${NET}/${gfs_ver})/${RUN}.${PDY}/${cyc}/$COMPONENT}
> export COMOUT=${COMOUT:-$(compath.py -o ${envir}/${NET}/${gfs_ver})/${RUN}.${PDY}/${cyc}/$COMPONENT}
> ####
++ diff /lfs/h1/ops/prod/packages/gfs.v16.2.0/ecf/scripts/./gfs/atmos/post_processing/awips_g2/jgfs_atmos_awips_g2_f027.ecf /lfs/h2/emc/global/noscrub/Lin.Gan/git/feature-ops-wcoss2/ecf/scripts/./gfs/atmos/post_processing/awips_g2/jgfs_atmos_awips_g2_f027.ecf
30c30
< module load cfp/${cfp_ver}
---
> #module load cfp/${cfp_ver}
42d41
< export USE_CFP=YES
44a44,49
> 
> #### EMC developer only
> COMPONENT=atmos
> export COMIN=${COMIN:-$(compath.py -o ${envir}/${NET}/${gfs_ver})/${RUN}.${PDY}/${cyc}/$COMPONENT}
> export COMOUT=${COMOUT:-$(compath.py -o ${envir}/${NET}/${gfs_ver})/${RUN}.${PDY}/${cyc}/$COMPONENT}
> ####
++ diff /lfs/h1/ops/prod/packages/gfs.v16.2.0/ecf/scripts/./gfs/atmos/post_processing/awips_g2/jgfs_atmos_awips_g2_f033.ecf /lfs/h2/emc/global/noscrub/Lin.Gan/git/feature-ops-wcoss2/ecf/scripts/./gfs/atmos/post_processing/awips_g2/jgfs_atmos_awips_g2_f033.ecf
30c30
< module load cfp/${cfp_ver}
---
> #module load cfp/${cfp_ver}
42d41
< export USE_CFP=YES
44a44,49
> 
> #### EMC developer only
> COMPONENT=atmos
> export COMIN=${COMIN:-$(compath.py -o ${envir}/${NET}/${gfs_ver})/${RUN}.${PDY}/${cyc}/$COMPONENT}
> export COMOUT=${COMOUT:-$(compath.py -o ${envir}/${NET}/${gfs_ver})/${RUN}.${PDY}/${cyc}/$COMPONENT}
> ####
++ diff /lfs/h1/ops/prod/packages/gfs.v16.2.0/ecf/scripts/./gfs/atmos/post_processing/awips_g2/jgfs_atmos_awips_g2_f168.ecf /lfs/h2/emc/global/noscrub/Lin.Gan/git/feature-ops-wcoss2/ecf/scripts/./gfs/atmos/post_processing/awips_g2/jgfs_atmos_awips_g2_f168.ecf
30c30
< module load cfp/${cfp_ver}
---
> #module load cfp/${cfp_ver}
42d41
< export USE_CFP=YES
44a44,49
> 
> #### EMC developer only
> COMPONENT=atmos
> export COMIN=${COMIN:-$(compath.py -o ${envir}/${NET}/${gfs_ver})/${RUN}.${PDY}/${cyc}/$COMPONENT}
> export COMOUT=${COMOUT:-$(compath.py -o ${envir}/${NET}/${gfs_ver})/${RUN}.${PDY}/${cyc}/$COMPONENT}
> ####
++ diff /lfs/h1/ops/prod/packages/gfs.v16.2.0/ecf/scripts/./gfs/atmos/post_processing/awips_g2/jgfs_atmos_awips_g2_f150.ecf /lfs/h2/emc/global/noscrub/Lin.Gan/git/feature-ops-wcoss2/ecf/scripts/./gfs/atmos/post_processing/awips_g2/jgfs_atmos_awips_g2_f150.ecf
30c30
< module load cfp/${cfp_ver}
---
> #module load cfp/${cfp_ver}
42d41
< export USE_CFP=YES
44a44,49
> 
> #### EMC developer only
> COMPONENT=atmos
> export COMIN=${COMIN:-$(compath.py -o ${envir}/${NET}/${gfs_ver})/${RUN}.${PDY}/${cyc}/$COMPONENT}
> export COMOUT=${COMOUT:-$(compath.py -o ${envir}/${NET}/${gfs_ver})/${RUN}.${PDY}/${cyc}/$COMPONENT}
> ####
++ diff /lfs/h1/ops/prod/packages/gfs.v16.2.0/ecf/scripts/./gfs/atmos/post_processing/awips_g2/jgfs_atmos_awips_g2_f021.ecf /lfs/h2/emc/global/noscrub/Lin.Gan/git/feature-ops-wcoss2/ecf/scripts/./gfs/atmos/post_processing/awips_g2/jgfs_atmos_awips_g2_f021.ecf
30c30
< module load cfp/${cfp_ver}
---
> #module load cfp/${cfp_ver}
42d41
< export USE_CFP=YES
44a44,49
> 
> #### EMC developer only
> COMPONENT=atmos
> export COMIN=${COMIN:-$(compath.py -o ${envir}/${NET}/${gfs_ver})/${RUN}.${PDY}/${cyc}/$COMPONENT}
> export COMOUT=${COMOUT:-$(compath.py -o ${envir}/${NET}/${gfs_ver})/${RUN}.${PDY}/${cyc}/$COMPONENT}
> ####
++ diff /lfs/h1/ops/prod/packages/gfs.v16.2.0/ecf/scripts/./gfs/atmos/post_processing/awips_g2/jgfs_atmos_awips_g2_f081.ecf /lfs/h2/emc/global/noscrub/Lin.Gan/git/feature-ops-wcoss2/ecf/scripts/./gfs/atmos/post_processing/awips_g2/jgfs_atmos_awips_g2_f081.ecf
30c30
< module load cfp/${cfp_ver}
---
> #module load cfp/${cfp_ver}
42d41
< export USE_CFP=YES
44a44,49
> 
> #### EMC developer only
> COMPONENT=atmos
> export COMIN=${COMIN:-$(compath.py -o ${envir}/${NET}/${gfs_ver})/${RUN}.${PDY}/${cyc}/$COMPONENT}
> export COMOUT=${COMOUT:-$(compath.py -o ${envir}/${NET}/${gfs_ver})/${RUN}.${PDY}/${cyc}/$COMPONENT}
> ####
++ diff /lfs/h1/ops/prod/packages/gfs.v16.2.0/ecf/scripts/./gfs/atmos/post_processing/awips_g2/jgfs_atmos_awips_g2_f210.ecf /lfs/h2/emc/global/noscrub/Lin.Gan/git/feature-ops-wcoss2/ecf/scripts/./gfs/atmos/post_processing/awips_g2/jgfs_atmos_awips_g2_f210.ecf
30c30
< module load cfp/${cfp_ver}
---
> #module load cfp/${cfp_ver}
42d41
< export USE_CFP=YES
44a44,49
> 
> #### EMC developer only
> COMPONENT=atmos
> export COMIN=${COMIN:-$(compath.py -o ${envir}/${NET}/${gfs_ver})/${RUN}.${PDY}/${cyc}/$COMPONENT}
> export COMOUT=${COMOUT:-$(compath.py -o ${envir}/${NET}/${gfs_ver})/${RUN}.${PDY}/${cyc}/$COMPONENT}
> ####
++ diff /lfs/h1/ops/prod/packages/gfs.v16.2.0/ecf/scripts/./gfs/atmos/post_processing/awips_g2/jgfs_atmos_awips_g2_f048.ecf /lfs/h2/emc/global/noscrub/Lin.Gan/git/feature-ops-wcoss2/ecf/scripts/./gfs/atmos/post_processing/awips_g2/jgfs_atmos_awips_g2_f048.ecf
30c30
< module load cfp/${cfp_ver}
---
> #module load cfp/${cfp_ver}
42d41
< export USE_CFP=YES
44a44,49
> 
> #### EMC developer only
> COMPONENT=atmos
> export COMIN=${COMIN:-$(compath.py -o ${envir}/${NET}/${gfs_ver})/${RUN}.${PDY}/${cyc}/$COMPONENT}
> export COMOUT=${COMOUT:-$(compath.py -o ${envir}/${NET}/${gfs_ver})/${RUN}.${PDY}/${cyc}/$COMPONENT}
> ####
++ diff /lfs/h1/ops/prod/packages/gfs.v16.2.0/ecf/scripts/./gfs/atmos/post_processing/awips_g2/jgfs_atmos_awips_g2_f096.ecf /lfs/h2/emc/global/noscrub/Lin.Gan/git/feature-ops-wcoss2/ecf/scripts/./gfs/atmos/post_processing/awips_g2/jgfs_atmos_awips_g2_f096.ecf
30c30
< module load cfp/${cfp_ver}
---
> #module load cfp/${cfp_ver}
42d41
< export USE_CFP=YES
44a44,49
> 
> #### EMC developer only
> COMPONENT=atmos
> export COMIN=${COMIN:-$(compath.py -o ${envir}/${NET}/${gfs_ver})/${RUN}.${PDY}/${cyc}/$COMPONENT}
> export COMOUT=${COMOUT:-$(compath.py -o ${envir}/${NET}/${gfs_ver})/${RUN}.${PDY}/${cyc}/$COMPONENT}
> ####
++ diff /lfs/h1/ops/prod/packages/gfs.v16.2.0/ecf/scripts/./gfs/atmos/post_processing/awips_g2/jgfs_atmos_awips_g2_f012.ecf /lfs/h2/emc/global/noscrub/Lin.Gan/git/feature-ops-wcoss2/ecf/scripts/./gfs/atmos/post_processing/awips_g2/jgfs_atmos_awips_g2_f012.ecf
30c30
< module load cfp/${cfp_ver}
---
> #module load cfp/${cfp_ver}
42d41
< export USE_CFP=YES
44a44,49
> 
> #### EMC developer only
> COMPONENT=atmos
> export COMIN=${COMIN:-$(compath.py -o ${envir}/${NET}/${gfs_ver})/${RUN}.${PDY}/${cyc}/$COMPONENT}
> export COMOUT=${COMOUT:-$(compath.py -o ${envir}/${NET}/${gfs_ver})/${RUN}.${PDY}/${cyc}/$COMPONENT}
> ####
++ diff /lfs/h1/ops/prod/packages/gfs.v16.2.0/ecf/scripts/./gfs/atmos/post_processing/awips_20km_1p0/jgfs_atmos_awips_f114.ecf /lfs/h2/emc/global/noscrub/Lin.Gan/git/feature-ops-wcoss2/ecf/scripts/./gfs/atmos/post_processing/awips_20km_1p0/jgfs_atmos_awips_f114.ecf
26c26
< module load cfp/${cfp_ver}
---
> #module load cfp/${cfp_ver}
38d37
< export USE_CFP=YES
40a40,45
> 
> #### EMC developer only
> COMPONENT=atmos
> export COMIN=${COMIN:-$(compath.py -o ${envir}/${NET}/${gfs_ver})/${RUN}.${PDY}/${cyc}/$COMPONENT}
> export COMOUT=${COMOUT:-$(compath.py -o ${envir}/${NET}/${gfs_ver})/${RUN}.${PDY}/${cyc}/$COMPONENT}
> ####
++ diff /lfs/h1/ops/prod/packages/gfs.v16.2.0/ecf/scripts/./gfs/atmos/post_processing/awips_20km_1p0/jgfs_atmos_awips_f003.ecf /lfs/h2/emc/global/noscrub/Lin.Gan/git/feature-ops-wcoss2/ecf/scripts/./gfs/atmos/post_processing/awips_20km_1p0/jgfs_atmos_awips_f003.ecf
26c26
< module load cfp/${cfp_ver}
---
> #module load cfp/${cfp_ver}
38d37
< export USE_CFP=YES
40a40,45
> 
> #### EMC developer only
> COMPONENT=atmos
> export COMIN=${COMIN:-$(compath.py -o ${envir}/${NET}/${gfs_ver})/${RUN}.${PDY}/${cyc}/$COMPONENT}
> export COMOUT=${COMOUT:-$(compath.py -o ${envir}/${NET}/${gfs_ver})/${RUN}.${PDY}/${cyc}/$COMPONENT}
> ####
++ diff /lfs/h1/ops/prod/packages/gfs.v16.2.0/ecf/scripts/./gfs/atmos/post_processing/awips_20km_1p0/jgfs_atmos_awips_f006.ecf /lfs/h2/emc/global/noscrub/Lin.Gan/git/feature-ops-wcoss2/ecf/scripts/./gfs/atmos/post_processing/awips_20km_1p0/jgfs_atmos_awips_f006.ecf
26c26
< module load cfp/${cfp_ver}
---
> #module load cfp/${cfp_ver}
38d37
< export USE_CFP=YES
40a40,45
> 
> #### EMC developer only
> COMPONENT=atmos
> export COMIN=${COMIN:-$(compath.py -o ${envir}/${NET}/${gfs_ver})/${RUN}.${PDY}/${cyc}/$COMPONENT}
> export COMOUT=${COMOUT:-$(compath.py -o ${envir}/${NET}/${gfs_ver})/${RUN}.${PDY}/${cyc}/$COMPONENT}
> ####
++ diff /lfs/h1/ops/prod/packages/gfs.v16.2.0/ecf/scripts/./gfs/atmos/post_processing/awips_20km_1p0/jgfs_atmos_awips_f156.ecf /lfs/h2/emc/global/noscrub/Lin.Gan/git/feature-ops-wcoss2/ecf/scripts/./gfs/atmos/post_processing/awips_20km_1p0/jgfs_atmos_awips_f156.ecf
26c26
< module load cfp/${cfp_ver}
---
> #module load cfp/${cfp_ver}
38d37
< export USE_CFP=YES
40a40,45
> 
> #### EMC developer only
> COMPONENT=atmos
> export COMIN=${COMIN:-$(compath.py -o ${envir}/${NET}/${gfs_ver})/${RUN}.${PDY}/${cyc}/$COMPONENT}
> export COMOUT=${COMOUT:-$(compath.py -o ${envir}/${NET}/${gfs_ver})/${RUN}.${PDY}/${cyc}/$COMPONENT}
> ####
++ diff /lfs/h1/ops/prod/packages/gfs.v16.2.0/ecf/scripts/./gfs/atmos/post_processing/awips_20km_1p0/jgfs_atmos_awips_f021.ecf /lfs/h2/emc/global/noscrub/Lin.Gan/git/feature-ops-wcoss2/ecf/scripts/./gfs/atmos/post_processing/awips_20km_1p0/jgfs_atmos_awips_f021.ecf
26c26
< module load cfp/${cfp_ver}
---
> #module load cfp/${cfp_ver}
38d37
< export USE_CFP=YES
40a40,45
> 
> #### EMC developer only
> COMPONENT=atmos
> export COMIN=${COMIN:-$(compath.py -o ${envir}/${NET}/${gfs_ver})/${RUN}.${PDY}/${cyc}/$COMPONENT}
> export COMOUT=${COMOUT:-$(compath.py -o ${envir}/${NET}/${gfs_ver})/${RUN}.${PDY}/${cyc}/$COMPONENT}
> ####
++ diff /lfs/h1/ops/prod/packages/gfs.v16.2.0/ecf/scripts/./gfs/atmos/post_processing/awips_20km_1p0/jgfs_atmos_awips_f018.ecf /lfs/h2/emc/global/noscrub/Lin.Gan/git/feature-ops-wcoss2/ecf/scripts/./gfs/atmos/post_processing/awips_20km_1p0/jgfs_atmos_awips_f018.ecf
26c26
< module load cfp/${cfp_ver}
---
> #module load cfp/${cfp_ver}
38d37
< export USE_CFP=YES
40a40,45
> 
> #### EMC developer only
> COMPONENT=atmos
> export COMIN=${COMIN:-$(compath.py -o ${envir}/${NET}/${gfs_ver})/${RUN}.${PDY}/${cyc}/$COMPONENT}
> export COMOUT=${COMOUT:-$(compath.py -o ${envir}/${NET}/${gfs_ver})/${RUN}.${PDY}/${cyc}/$COMPONENT}
> ####
++ diff /lfs/h1/ops/prod/packages/gfs.v16.2.0/ecf/scripts/./gfs/atmos/post_processing/awips_20km_1p0/jgfs_atmos_awips_f096.ecf /lfs/h2/emc/global/noscrub/Lin.Gan/git/feature-ops-wcoss2/ecf/scripts/./gfs/atmos/post_processing/awips_20km_1p0/jgfs_atmos_awips_f096.ecf
26c26
< module load cfp/${cfp_ver}
---
> #module load cfp/${cfp_ver}
38d37
< export USE_CFP=YES
40a40,45
> 
> #### EMC developer only
> COMPONENT=atmos
> export COMIN=${COMIN:-$(compath.py -o ${envir}/${NET}/${gfs_ver})/${RUN}.${PDY}/${cyc}/$COMPONENT}
> export COMOUT=${COMOUT:-$(compath.py -o ${envir}/${NET}/${gfs_ver})/${RUN}.${PDY}/${cyc}/$COMPONENT}
> ####
++ diff /lfs/h1/ops/prod/packages/gfs.v16.2.0/ecf/scripts/./gfs/atmos/post_processing/awips_20km_1p0/jgfs_atmos_awips_f102.ecf /lfs/h2/emc/global/noscrub/Lin.Gan/git/feature-ops-wcoss2/ecf/scripts/./gfs/atmos/post_processing/awips_20km_1p0/jgfs_atmos_awips_f102.ecf
26c26
< module load cfp/${cfp_ver}
---
> #module load cfp/${cfp_ver}
38d37
< export USE_CFP=YES
40a40,45
> 
> #### EMC developer only
> COMPONENT=atmos
> export COMIN=${COMIN:-$(compath.py -o ${envir}/${NET}/${gfs_ver})/${RUN}.${PDY}/${cyc}/$COMPONENT}
> export COMOUT=${COMOUT:-$(compath.py -o ${envir}/${NET}/${gfs_ver})/${RUN}.${PDY}/${cyc}/$COMPONENT}
> ####
++ diff /lfs/h1/ops/prod/packages/gfs.v16.2.0/ecf/scripts/./gfs/atmos/post_processing/awips_20km_1p0/jgfs_atmos_awips_f126.ecf /lfs/h2/emc/global/noscrub/Lin.Gan/git/feature-ops-wcoss2/ecf/scripts/./gfs/atmos/post_processing/awips_20km_1p0/jgfs_atmos_awips_f126.ecf
26c26
< module load cfp/${cfp_ver}
---
> #module load cfp/${cfp_ver}
38d37
< export USE_CFP=YES
40a40,45
> 
> #### EMC developer only
> COMPONENT=atmos
> export COMIN=${COMIN:-$(compath.py -o ${envir}/${NET}/${gfs_ver})/${RUN}.${PDY}/${cyc}/$COMPONENT}
> export COMOUT=${COMOUT:-$(compath.py -o ${envir}/${NET}/${gfs_ver})/${RUN}.${PDY}/${cyc}/$COMPONENT}
> ####
++ diff /lfs/h1/ops/prod/packages/gfs.v16.2.0/ecf/scripts/./gfs/atmos/post_processing/awips_20km_1p0/jgfs_atmos_awips_f144.ecf /lfs/h2/emc/global/noscrub/Lin.Gan/git/feature-ops-wcoss2/ecf/scripts/./gfs/atmos/post_processing/awips_20km_1p0/jgfs_atmos_awips_f144.ecf
26c26
< module load cfp/${cfp_ver}
---
> #module load cfp/${cfp_ver}
38d37
< export USE_CFP=YES
40a40,45
> 
> #### EMC developer only
> COMPONENT=atmos
> export COMIN=${COMIN:-$(compath.py -o ${envir}/${NET}/${gfs_ver})/${RUN}.${PDY}/${cyc}/$COMPONENT}
> export COMOUT=${COMOUT:-$(compath.py -o ${envir}/${NET}/${gfs_ver})/${RUN}.${PDY}/${cyc}/$COMPONENT}
> ####
++ diff /lfs/h1/ops/prod/packages/gfs.v16.2.0/ecf/scripts/./gfs/atmos/post_processing/awips_20km_1p0/jgfs_atmos_awips_f198.ecf /lfs/h2/emc/global/noscrub/Lin.Gan/git/feature-ops-wcoss2/ecf/scripts/./gfs/atmos/post_processing/awips_20km_1p0/jgfs_atmos_awips_f198.ecf
26c26
< module load cfp/${cfp_ver}
---
> #module load cfp/${cfp_ver}
38d37
< export USE_CFP=YES
40a40,45
> 
> #### EMC developer only
> COMPONENT=atmos
> export COMIN=${COMIN:-$(compath.py -o ${envir}/${NET}/${gfs_ver})/${RUN}.${PDY}/${cyc}/$COMPONENT}
> export COMOUT=${COMOUT:-$(compath.py -o ${envir}/${NET}/${gfs_ver})/${RUN}.${PDY}/${cyc}/$COMPONENT}
> ####
++ diff /lfs/h1/ops/prod/packages/gfs.v16.2.0/ecf/scripts/./gfs/atmos/post_processing/awips_20km_1p0/jgfs_atmos_awips_f033.ecf /lfs/h2/emc/global/noscrub/Lin.Gan/git/feature-ops-wcoss2/ecf/scripts/./gfs/atmos/post_processing/awips_20km_1p0/jgfs_atmos_awips_f033.ecf
26c26
< module load cfp/${cfp_ver}
---
> #module load cfp/${cfp_ver}
38d37
< export USE_CFP=YES
40a40,45
> 
> #### EMC developer only
> COMPONENT=atmos
> export COMIN=${COMIN:-$(compath.py -o ${envir}/${NET}/${gfs_ver})/${RUN}.${PDY}/${cyc}/$COMPONENT}
> export COMOUT=${COMOUT:-$(compath.py -o ${envir}/${NET}/${gfs_ver})/${RUN}.${PDY}/${cyc}/$COMPONENT}
> ####
++ diff /lfs/h1/ops/prod/packages/gfs.v16.2.0/ecf/scripts/./gfs/atmos/post_processing/awips_20km_1p0/jgfs_atmos_awips_f108.ecf /lfs/h2/emc/global/noscrub/Lin.Gan/git/feature-ops-wcoss2/ecf/scripts/./gfs/atmos/post_processing/awips_20km_1p0/jgfs_atmos_awips_f108.ecf
26c26
< module load cfp/${cfp_ver}
---
> #module load cfp/${cfp_ver}
38d37
< export USE_CFP=YES
40a40,45
> 
> #### EMC developer only
> COMPONENT=atmos
> export COMIN=${COMIN:-$(compath.py -o ${envir}/${NET}/${gfs_ver})/${RUN}.${PDY}/${cyc}/$COMPONENT}
> export COMOUT=${COMOUT:-$(compath.py -o ${envir}/${NET}/${gfs_ver})/${RUN}.${PDY}/${cyc}/$COMPONENT}
> ####
++ diff /lfs/h1/ops/prod/packages/gfs.v16.2.0/ecf/scripts/./gfs/atmos/post_processing/awips_20km_1p0/jgfs_atmos_awips_f069.ecf /lfs/h2/emc/global/noscrub/Lin.Gan/git/feature-ops-wcoss2/ecf/scripts/./gfs/atmos/post_processing/awips_20km_1p0/jgfs_atmos_awips_f069.ecf
26c26
< module load cfp/${cfp_ver}
---
> #module load cfp/${cfp_ver}
38d37
< export USE_CFP=YES
40a40,45
> 
> #### EMC developer only
> COMPONENT=atmos
> export COMIN=${COMIN:-$(compath.py -o ${envir}/${NET}/${gfs_ver})/${RUN}.${PDY}/${cyc}/$COMPONENT}
> export COMOUT=${COMOUT:-$(compath.py -o ${envir}/${NET}/${gfs_ver})/${RUN}.${PDY}/${cyc}/$COMPONENT}
> ####
++ diff /lfs/h1/ops/prod/packages/gfs.v16.2.0/ecf/scripts/./gfs/atmos/post_processing/awips_20km_1p0/jgfs_atmos_awips_f210.ecf /lfs/h2/emc/global/noscrub/Lin.Gan/git/feature-ops-wcoss2/ecf/scripts/./gfs/atmos/post_processing/awips_20km_1p0/jgfs_atmos_awips_f210.ecf
26c26
< module load cfp/${cfp_ver}
---
> #module load cfp/${cfp_ver}
38d37
< export USE_CFP=YES
40a40,45
> 
> #### EMC developer only
> COMPONENT=atmos
> export COMIN=${COMIN:-$(compath.py -o ${envir}/${NET}/${gfs_ver})/${RUN}.${PDY}/${cyc}/$COMPONENT}
> export COMOUT=${COMOUT:-$(compath.py -o ${envir}/${NET}/${gfs_ver})/${RUN}.${PDY}/${cyc}/$COMPONENT}
> ####
++ diff /lfs/h1/ops/prod/packages/gfs.v16.2.0/ecf/scripts/./gfs/atmos/post_processing/awips_20km_1p0/jgfs_atmos_awips_f168.ecf /lfs/h2/emc/global/noscrub/Lin.Gan/git/feature-ops-wcoss2/ecf/scripts/./gfs/atmos/post_processing/awips_20km_1p0/jgfs_atmos_awips_f168.ecf
26c26
< module load cfp/${cfp_ver}
---
> #module load cfp/${cfp_ver}
38d37
< export USE_CFP=YES
40a40,45
> 
> #### EMC developer only
> COMPONENT=atmos
> export COMIN=${COMIN:-$(compath.py -o ${envir}/${NET}/${gfs_ver})/${RUN}.${PDY}/${cyc}/$COMPONENT}
> export COMOUT=${COMOUT:-$(compath.py -o ${envir}/${NET}/${gfs_ver})/${RUN}.${PDY}/${cyc}/$COMPONENT}
> ####
++ diff /lfs/h1/ops/prod/packages/gfs.v16.2.0/ecf/scripts/./gfs/atmos/post_processing/awips_20km_1p0/jgfs_atmos_awips_f240.ecf /lfs/h2/emc/global/noscrub/Lin.Gan/git/feature-ops-wcoss2/ecf/scripts/./gfs/atmos/post_processing/awips_20km_1p0/jgfs_atmos_awips_f240.ecf
26c26
< module load cfp/${cfp_ver}
---
> #module load cfp/${cfp_ver}
38d37
< export USE_CFP=YES
40a40,45
> 
> #### EMC developer only
> COMPONENT=atmos
> export COMIN=${COMIN:-$(compath.py -o ${envir}/${NET}/${gfs_ver})/${RUN}.${PDY}/${cyc}/$COMPONENT}
> export COMOUT=${COMOUT:-$(compath.py -o ${envir}/${NET}/${gfs_ver})/${RUN}.${PDY}/${cyc}/$COMPONENT}
> ####
++ diff /lfs/h1/ops/prod/packages/gfs.v16.2.0/ecf/scripts/./gfs/atmos/post_processing/awips_20km_1p0/jgfs_atmos_awips_f060.ecf /lfs/h2/emc/global/noscrub/Lin.Gan/git/feature-ops-wcoss2/ecf/scripts/./gfs/atmos/post_processing/awips_20km_1p0/jgfs_atmos_awips_f060.ecf
26c26
< module load cfp/${cfp_ver}
---
> #module load cfp/${cfp_ver}
38d37
< export USE_CFP=YES
40a40,45
> 
> #### EMC developer only
> COMPONENT=atmos
> export COMIN=${COMIN:-$(compath.py -o ${envir}/${NET}/${gfs_ver})/${RUN}.${PDY}/${cyc}/$COMPONENT}
> export COMOUT=${COMOUT:-$(compath.py -o ${envir}/${NET}/${gfs_ver})/${RUN}.${PDY}/${cyc}/$COMPONENT}
> ####
++ diff /lfs/h1/ops/prod/packages/gfs.v16.2.0/ecf/scripts/./gfs/atmos/post_processing/awips_20km_1p0/jgfs_atmos_awips_f030.ecf /lfs/h2/emc/global/noscrub/Lin.Gan/git/feature-ops-wcoss2/ecf/scripts/./gfs/atmos/post_processing/awips_20km_1p0/jgfs_atmos_awips_f030.ecf
26c26
< module load cfp/${cfp_ver}
---
> #module load cfp/${cfp_ver}
38d37
< export USE_CFP=YES
40a40,45
> 
> #### EMC developer only
> COMPONENT=atmos
> export COMIN=${COMIN:-$(compath.py -o ${envir}/${NET}/${gfs_ver})/${RUN}.${PDY}/${cyc}/$COMPONENT}
> export COMOUT=${COMOUT:-$(compath.py -o ${envir}/${NET}/${gfs_ver})/${RUN}.${PDY}/${cyc}/$COMPONENT}
> ####
++ diff /lfs/h1/ops/prod/packages/gfs.v16.2.0/ecf/scripts/./gfs/atmos/post_processing/awips_20km_1p0/jgfs_atmos_awips_f075.ecf /lfs/h2/emc/global/noscrub/Lin.Gan/git/feature-ops-wcoss2/ecf/scripts/./gfs/atmos/post_processing/awips_20km_1p0/jgfs_atmos_awips_f075.ecf
26c26
< module load cfp/${cfp_ver}
---
> #module load cfp/${cfp_ver}
38d37
< export USE_CFP=YES
40a40,45
> 
> #### EMC developer only
> COMPONENT=atmos
> export COMIN=${COMIN:-$(compath.py -o ${envir}/${NET}/${gfs_ver})/${RUN}.${PDY}/${cyc}/$COMPONENT}
> export COMOUT=${COMOUT:-$(compath.py -o ${envir}/${NET}/${gfs_ver})/${RUN}.${PDY}/${cyc}/$COMPONENT}
> ####
++ diff /lfs/h1/ops/prod/packages/gfs.v16.2.0/ecf/scripts/./gfs/atmos/post_processing/awips_20km_1p0/jgfs_atmos_awips_f066.ecf /lfs/h2/emc/global/noscrub/Lin.Gan/git/feature-ops-wcoss2/ecf/scripts/./gfs/atmos/post_processing/awips_20km_1p0/jgfs_atmos_awips_f066.ecf
26c26
< module load cfp/${cfp_ver}
---
> #module load cfp/${cfp_ver}
38d37
< export USE_CFP=YES
40a40,45
> 
> #### EMC developer only
> COMPONENT=atmos
> export COMIN=${COMIN:-$(compath.py -o ${envir}/${NET}/${gfs_ver})/${RUN}.${PDY}/${cyc}/$COMPONENT}
> export COMOUT=${COMOUT:-$(compath.py -o ${envir}/${NET}/${gfs_ver})/${RUN}.${PDY}/${cyc}/$COMPONENT}
> ####
++ diff /lfs/h1/ops/prod/packages/gfs.v16.2.0/ecf/scripts/./gfs/atmos/post_processing/awips_20km_1p0/jgfs_atmos_awips_f216.ecf /lfs/h2/emc/global/noscrub/Lin.Gan/git/feature-ops-wcoss2/ecf/scripts/./gfs/atmos/post_processing/awips_20km_1p0/jgfs_atmos_awips_f216.ecf
26c26
< module load cfp/${cfp_ver}
---
> #module load cfp/${cfp_ver}
38d37
< export USE_CFP=YES
40a40,45
> 
> #### EMC developer only
> COMPONENT=atmos
> export COMIN=${COMIN:-$(compath.py -o ${envir}/${NET}/${gfs_ver})/${RUN}.${PDY}/${cyc}/$COMPONENT}
> export COMOUT=${COMOUT:-$(compath.py -o ${envir}/${NET}/${gfs_ver})/${RUN}.${PDY}/${cyc}/$COMPONENT}
> ####
++ diff /lfs/h1/ops/prod/packages/gfs.v16.2.0/ecf/scripts/./gfs/atmos/post_processing/awips_20km_1p0/jgfs_atmos_awips_f072.ecf /lfs/h2/emc/global/noscrub/Lin.Gan/git/feature-ops-wcoss2/ecf/scripts/./gfs/atmos/post_processing/awips_20km_1p0/jgfs_atmos_awips_f072.ecf
26c26
< module load cfp/${cfp_ver}
---
> #module load cfp/${cfp_ver}
38d37
< export USE_CFP=YES
40a40,45
> 
> #### EMC developer only
> COMPONENT=atmos
> export COMIN=${COMIN:-$(compath.py -o ${envir}/${NET}/${gfs_ver})/${RUN}.${PDY}/${cyc}/$COMPONENT}
> export COMOUT=${COMOUT:-$(compath.py -o ${envir}/${NET}/${gfs_ver})/${RUN}.${PDY}/${cyc}/$COMPONENT}
> ####
++ diff /lfs/h1/ops/prod/packages/gfs.v16.2.0/ecf/scripts/./gfs/atmos/post_processing/awips_20km_1p0/jgfs_atmos_awips_f027.ecf /lfs/h2/emc/global/noscrub/Lin.Gan/git/feature-ops-wcoss2/ecf/scripts/./gfs/atmos/post_processing/awips_20km_1p0/jgfs_atmos_awips_f027.ecf
26c26
< module load cfp/${cfp_ver}
---
> #module load cfp/${cfp_ver}
38d37
< export USE_CFP=YES
40a40,45
> 
> #### EMC developer only
> COMPONENT=atmos
> export COMIN=${COMIN:-$(compath.py -o ${envir}/${NET}/${gfs_ver})/${RUN}.${PDY}/${cyc}/$COMPONENT}
> export COMOUT=${COMOUT:-$(compath.py -o ${envir}/${NET}/${gfs_ver})/${RUN}.${PDY}/${cyc}/$COMPONENT}
> ####
++ diff /lfs/h1/ops/prod/packages/gfs.v16.2.0/ecf/scripts/./gfs/atmos/post_processing/awips_20km_1p0/jgfs_atmos_awips_f042.ecf /lfs/h2/emc/global/noscrub/Lin.Gan/git/feature-ops-wcoss2/ecf/scripts/./gfs/atmos/post_processing/awips_20km_1p0/jgfs_atmos_awips_f042.ecf
26c26
< module load cfp/${cfp_ver}
---
> #module load cfp/${cfp_ver}
38d37
< export USE_CFP=YES
40a40,45
> 
> #### EMC developer only
> COMPONENT=atmos
> export COMIN=${COMIN:-$(compath.py -o ${envir}/${NET}/${gfs_ver})/${RUN}.${PDY}/${cyc}/$COMPONENT}
> export COMOUT=${COMOUT:-$(compath.py -o ${envir}/${NET}/${gfs_ver})/${RUN}.${PDY}/${cyc}/$COMPONENT}
> ####
++ diff /lfs/h1/ops/prod/packages/gfs.v16.2.0/ecf/scripts/./gfs/atmos/post_processing/awips_20km_1p0/jgfs_atmos_awips_f084.ecf /lfs/h2/emc/global/noscrub/Lin.Gan/git/feature-ops-wcoss2/ecf/scripts/./gfs/atmos/post_processing/awips_20km_1p0/jgfs_atmos_awips_f084.ecf
26c26
< module load cfp/${cfp_ver}
---
> #module load cfp/${cfp_ver}
38d37
< export USE_CFP=YES
40a40,45
> 
> #### EMC developer only
> COMPONENT=atmos
> export COMIN=${COMIN:-$(compath.py -o ${envir}/${NET}/${gfs_ver})/${RUN}.${PDY}/${cyc}/$COMPONENT}
> export COMOUT=${COMOUT:-$(compath.py -o ${envir}/${NET}/${gfs_ver})/${RUN}.${PDY}/${cyc}/$COMPONENT}
> ####
++ diff /lfs/h1/ops/prod/packages/gfs.v16.2.0/ecf/scripts/./gfs/atmos/post_processing/awips_20km_1p0/jgfs_atmos_awips_f015.ecf /lfs/h2/emc/global/noscrub/Lin.Gan/git/feature-ops-wcoss2/ecf/scripts/./gfs/atmos/post_processing/awips_20km_1p0/jgfs_atmos_awips_f015.ecf
26c26
< module load cfp/${cfp_ver}
---
> #module load cfp/${cfp_ver}
38d37
< export USE_CFP=YES
40a40,45
> 
> #### EMC developer only
> COMPONENT=atmos
> export COMIN=${COMIN:-$(compath.py -o ${envir}/${NET}/${gfs_ver})/${RUN}.${PDY}/${cyc}/$COMPONENT}
> export COMOUT=${COMOUT:-$(compath.py -o ${envir}/${NET}/${gfs_ver})/${RUN}.${PDY}/${cyc}/$COMPONENT}
> ####
++ diff /lfs/h1/ops/prod/packages/gfs.v16.2.0/ecf/scripts/./gfs/atmos/post_processing/awips_20km_1p0/jgfs_atmos_awips_f012.ecf /lfs/h2/emc/global/noscrub/Lin.Gan/git/feature-ops-wcoss2/ecf/scripts/./gfs/atmos/post_processing/awips_20km_1p0/jgfs_atmos_awips_f012.ecf
26c26
< module load cfp/${cfp_ver}
---
> #module load cfp/${cfp_ver}
38d37
< export USE_CFP=YES
40a40,45
> 
> #### EMC developer only
> COMPONENT=atmos
> export COMIN=${COMIN:-$(compath.py -o ${envir}/${NET}/${gfs_ver})/${RUN}.${PDY}/${cyc}/$COMPONENT}
> export COMOUT=${COMOUT:-$(compath.py -o ${envir}/${NET}/${gfs_ver})/${RUN}.${PDY}/${cyc}/$COMPONENT}
> ####
++ diff /lfs/h1/ops/prod/packages/gfs.v16.2.0/ecf/scripts/./gfs/atmos/post_processing/awips_20km_1p0/jgfs_atmos_awips_f036.ecf /lfs/h2/emc/global/noscrub/Lin.Gan/git/feature-ops-wcoss2/ecf/scripts/./gfs/atmos/post_processing/awips_20km_1p0/jgfs_atmos_awips_f036.ecf
26c26
< module load cfp/${cfp_ver}
---
> #module load cfp/${cfp_ver}
38d37
< export USE_CFP=YES
40a40,45
> 
> #### EMC developer only
> COMPONENT=atmos
> export COMIN=${COMIN:-$(compath.py -o ${envir}/${NET}/${gfs_ver})/${RUN}.${PDY}/${cyc}/$COMPONENT}
> export COMOUT=${COMOUT:-$(compath.py -o ${envir}/${NET}/${gfs_ver})/${RUN}.${PDY}/${cyc}/$COMPONENT}
> ####
++ diff /lfs/h1/ops/prod/packages/gfs.v16.2.0/ecf/scripts/./gfs/atmos/post_processing/awips_20km_1p0/jgfs_atmos_awips_f222.ecf /lfs/h2/emc/global/noscrub/Lin.Gan/git/feature-ops-wcoss2/ecf/scripts/./gfs/atmos/post_processing/awips_20km_1p0/jgfs_atmos_awips_f222.ecf
26c26
< module load cfp/${cfp_ver}
---
> #module load cfp/${cfp_ver}
38d37
< export USE_CFP=YES
40a40,45
> 
> #### EMC developer only
> COMPONENT=atmos
> export COMIN=${COMIN:-$(compath.py -o ${envir}/${NET}/${gfs_ver})/${RUN}.${PDY}/${cyc}/$COMPONENT}
> export COMOUT=${COMOUT:-$(compath.py -o ${envir}/${NET}/${gfs_ver})/${RUN}.${PDY}/${cyc}/$COMPONENT}
> ####
++ diff /lfs/h1/ops/prod/packages/gfs.v16.2.0/ecf/scripts/./gfs/atmos/post_processing/awips_20km_1p0/jgfs_atmos_awips_master.ecf /lfs/h2/emc/global/noscrub/Lin.Gan/git/feature-ops-wcoss2/ecf/scripts/./gfs/atmos/post_processing/awips_20km_1p0/jgfs_atmos_awips_master.ecf
26c26
< module load cfp/${cfp_ver}
---
> #module load cfp/${cfp_ver}
38d37
< export USE_CFP=YES
40a40,45
> 
> #### EMC developer only
> COMPONENT=atmos
> export COMIN=${COMIN:-$(compath.py -o ${envir}/${NET}/${gfs_ver})/${RUN}.${PDY}/${cyc}/$COMPONENT}
> export COMOUT=${COMOUT:-$(compath.py -o ${envir}/${NET}/${gfs_ver})/${RUN}.${PDY}/${cyc}/$COMPONENT}
> ####
++ diff /lfs/h1/ops/prod/packages/gfs.v16.2.0/ecf/scripts/./gfs/atmos/post_processing/awips_20km_1p0/jgfs_atmos_awips_f120.ecf /lfs/h2/emc/global/noscrub/Lin.Gan/git/feature-ops-wcoss2/ecf/scripts/./gfs/atmos/post_processing/awips_20km_1p0/jgfs_atmos_awips_f120.ecf
26c26
< module load cfp/${cfp_ver}
---
> #module load cfp/${cfp_ver}
38d37
< export USE_CFP=YES
40a40,45
> 
> #### EMC developer only
> COMPONENT=atmos
> export COMIN=${COMIN:-$(compath.py -o ${envir}/${NET}/${gfs_ver})/${RUN}.${PDY}/${cyc}/$COMPONENT}
> export COMOUT=${COMOUT:-$(compath.py -o ${envir}/${NET}/${gfs_ver})/${RUN}.${PDY}/${cyc}/$COMPONENT}
> ####
++ diff /lfs/h1/ops/prod/packages/gfs.v16.2.0/ecf/scripts/./gfs/atmos/post_processing/awips_20km_1p0/jgfs_atmos_awips_f090.ecf /lfs/h2/emc/global/noscrub/Lin.Gan/git/feature-ops-wcoss2/ecf/scripts/./gfs/atmos/post_processing/awips_20km_1p0/jgfs_atmos_awips_f090.ecf
26c26
< module load cfp/${cfp_ver}
---
> #module load cfp/${cfp_ver}
38d37
< export USE_CFP=YES
40a40,45
> 
> #### EMC developer only
> COMPONENT=atmos
> export COMIN=${COMIN:-$(compath.py -o ${envir}/${NET}/${gfs_ver})/${RUN}.${PDY}/${cyc}/$COMPONENT}
> export COMOUT=${COMOUT:-$(compath.py -o ${envir}/${NET}/${gfs_ver})/${RUN}.${PDY}/${cyc}/$COMPONENT}
> ####
++ diff /lfs/h1/ops/prod/packages/gfs.v16.2.0/ecf/scripts/./gfs/atmos/post_processing/awips_20km_1p0/jgfs_atmos_awips_f009.ecf /lfs/h2/emc/global/noscrub/Lin.Gan/git/feature-ops-wcoss2/ecf/scripts/./gfs/atmos/post_processing/awips_20km_1p0/jgfs_atmos_awips_f009.ecf
26c26
< module load cfp/${cfp_ver}
---
> #module load cfp/${cfp_ver}
38d37
< export USE_CFP=YES
40a40,45
> 
> #### EMC developer only
> COMPONENT=atmos
> export COMIN=${COMIN:-$(compath.py -o ${envir}/${NET}/${gfs_ver})/${RUN}.${PDY}/${cyc}/$COMPONENT}
> export COMOUT=${COMOUT:-$(compath.py -o ${envir}/${NET}/${gfs_ver})/${RUN}.${PDY}/${cyc}/$COMPONENT}
> ####
++ diff /lfs/h1/ops/prod/packages/gfs.v16.2.0/ecf/scripts/./gfs/atmos/post_processing/awips_20km_1p0/jgfs_atmos_awips_f063.ecf /lfs/h2/emc/global/noscrub/Lin.Gan/git/feature-ops-wcoss2/ecf/scripts/./gfs/atmos/post_processing/awips_20km_1p0/jgfs_atmos_awips_f063.ecf
26c26
< module load cfp/${cfp_ver}
---
> #module load cfp/${cfp_ver}
38d37
< export USE_CFP=YES
40a40,45
> 
> #### EMC developer only
> COMPONENT=atmos
> export COMIN=${COMIN:-$(compath.py -o ${envir}/${NET}/${gfs_ver})/${RUN}.${PDY}/${cyc}/$COMPONENT}
> export COMOUT=${COMOUT:-$(compath.py -o ${envir}/${NET}/${gfs_ver})/${RUN}.${PDY}/${cyc}/$COMPONENT}
> ####
++ diff /lfs/h1/ops/prod/packages/gfs.v16.2.0/ecf/scripts/./gfs/atmos/post_processing/awips_20km_1p0/jgfs_atmos_awips_f192.ecf /lfs/h2/emc/global/noscrub/Lin.Gan/git/feature-ops-wcoss2/ecf/scripts/./gfs/atmos/post_processing/awips_20km_1p0/jgfs_atmos_awips_f192.ecf
26c26
< module load cfp/${cfp_ver}
---
> #module load cfp/${cfp_ver}
38d37
< export USE_CFP=YES
40a40,45
> 
> #### EMC developer only
> COMPONENT=atmos
> export COMIN=${COMIN:-$(compath.py -o ${envir}/${NET}/${gfs_ver})/${RUN}.${PDY}/${cyc}/$COMPONENT}
> export COMOUT=${COMOUT:-$(compath.py -o ${envir}/${NET}/${gfs_ver})/${RUN}.${PDY}/${cyc}/$COMPONENT}
> ####
++ diff /lfs/h1/ops/prod/packages/gfs.v16.2.0/ecf/scripts/./gfs/atmos/post_processing/awips_20km_1p0/jgfs_atmos_awips_f051.ecf /lfs/h2/emc/global/noscrub/Lin.Gan/git/feature-ops-wcoss2/ecf/scripts/./gfs/atmos/post_processing/awips_20km_1p0/jgfs_atmos_awips_f051.ecf
26c26
< module load cfp/${cfp_ver}
---
> #module load cfp/${cfp_ver}
38d37
< export USE_CFP=YES
40a40,45
> 
> #### EMC developer only
> COMPONENT=atmos
> export COMIN=${COMIN:-$(compath.py -o ${envir}/${NET}/${gfs_ver})/${RUN}.${PDY}/${cyc}/$COMPONENT}
> export COMOUT=${COMOUT:-$(compath.py -o ${envir}/${NET}/${gfs_ver})/${RUN}.${PDY}/${cyc}/$COMPONENT}
> ####
++ diff /lfs/h1/ops/prod/packages/gfs.v16.2.0/ecf/scripts/./gfs/atmos/post_processing/awips_20km_1p0/jgfs_atmos_awips_f039.ecf /lfs/h2/emc/global/noscrub/Lin.Gan/git/feature-ops-wcoss2/ecf/scripts/./gfs/atmos/post_processing/awips_20km_1p0/jgfs_atmos_awips_f039.ecf
26c26
< module load cfp/${cfp_ver}
---
> #module load cfp/${cfp_ver}
38d37
< export USE_CFP=YES
40a40,45
> 
> #### EMC developer only
> COMPONENT=atmos
> export COMIN=${COMIN:-$(compath.py -o ${envir}/${NET}/${gfs_ver})/${RUN}.${PDY}/${cyc}/$COMPONENT}
> export COMOUT=${COMOUT:-$(compath.py -o ${envir}/${NET}/${gfs_ver})/${RUN}.${PDY}/${cyc}/$COMPONENT}
> ####
++ diff /lfs/h1/ops/prod/packages/gfs.v16.2.0/ecf/scripts/./gfs/atmos/post_processing/awips_20km_1p0/jgfs_atmos_awips_f081.ecf /lfs/h2/emc/global/noscrub/Lin.Gan/git/feature-ops-wcoss2/ecf/scripts/./gfs/atmos/post_processing/awips_20km_1p0/jgfs_atmos_awips_f081.ecf
26c26
< module load cfp/${cfp_ver}
---
> #module load cfp/${cfp_ver}
38d37
< export USE_CFP=YES
40a40,45
> 
> #### EMC developer only
> COMPONENT=atmos
> export COMIN=${COMIN:-$(compath.py -o ${envir}/${NET}/${gfs_ver})/${RUN}.${PDY}/${cyc}/$COMPONENT}
> export COMOUT=${COMOUT:-$(compath.py -o ${envir}/${NET}/${gfs_ver})/${RUN}.${PDY}/${cyc}/$COMPONENT}
> ####
++ diff /lfs/h1/ops/prod/packages/gfs.v16.2.0/ecf/scripts/./gfs/atmos/post_processing/awips_20km_1p0/jgfs_atmos_awips_f162.ecf /lfs/h2/emc/global/noscrub/Lin.Gan/git/feature-ops-wcoss2/ecf/scripts/./gfs/atmos/post_processing/awips_20km_1p0/jgfs_atmos_awips_f162.ecf
26c26
< module load cfp/${cfp_ver}
---
> #module load cfp/${cfp_ver}
38d37
< export USE_CFP=YES
40a40,45
> 
> #### EMC developer only
> COMPONENT=atmos
> export COMIN=${COMIN:-$(compath.py -o ${envir}/${NET}/${gfs_ver})/${RUN}.${PDY}/${cyc}/$COMPONENT}
> export COMOUT=${COMOUT:-$(compath.py -o ${envir}/${NET}/${gfs_ver})/${RUN}.${PDY}/${cyc}/$COMPONENT}
> ####
++ diff /lfs/h1/ops/prod/packages/gfs.v16.2.0/ecf/scripts/./gfs/atmos/post_processing/awips_20km_1p0/jgfs_atmos_awips_f048.ecf /lfs/h2/emc/global/noscrub/Lin.Gan/git/feature-ops-wcoss2/ecf/scripts/./gfs/atmos/post_processing/awips_20km_1p0/jgfs_atmos_awips_f048.ecf
26c26
< module load cfp/${cfp_ver}
---
> #module load cfp/${cfp_ver}
38d37
< export USE_CFP=YES
40a40,45
> 
> #### EMC developer only
> COMPONENT=atmos
> export COMIN=${COMIN:-$(compath.py -o ${envir}/${NET}/${gfs_ver})/${RUN}.${PDY}/${cyc}/$COMPONENT}
> export COMOUT=${COMOUT:-$(compath.py -o ${envir}/${NET}/${gfs_ver})/${RUN}.${PDY}/${cyc}/$COMPONENT}
> ####
++ diff /lfs/h1/ops/prod/packages/gfs.v16.2.0/ecf/scripts/./gfs/atmos/post_processing/awips_20km_1p0/jgfs_atmos_awips_f024.ecf /lfs/h2/emc/global/noscrub/Lin.Gan/git/feature-ops-wcoss2/ecf/scripts/./gfs/atmos/post_processing/awips_20km_1p0/jgfs_atmos_awips_f024.ecf
26c26
< module load cfp/${cfp_ver}
---
> #module load cfp/${cfp_ver}
38d37
< export USE_CFP=YES
40a40,45
> 
> #### EMC developer only
> COMPONENT=atmos
> export COMIN=${COMIN:-$(compath.py -o ${envir}/${NET}/${gfs_ver})/${RUN}.${PDY}/${cyc}/$COMPONENT}
> export COMOUT=${COMOUT:-$(compath.py -o ${envir}/${NET}/${gfs_ver})/${RUN}.${PDY}/${cyc}/$COMPONENT}
> ####
++ diff /lfs/h1/ops/prod/packages/gfs.v16.2.0/ecf/scripts/./gfs/atmos/post_processing/awips_20km_1p0/jgfs_atmos_awips_f174.ecf /lfs/h2/emc/global/noscrub/Lin.Gan/git/feature-ops-wcoss2/ecf/scripts/./gfs/atmos/post_processing/awips_20km_1p0/jgfs_atmos_awips_f174.ecf
26c26
< module load cfp/${cfp_ver}
---
> #module load cfp/${cfp_ver}
38d37
< export USE_CFP=YES
40a40,45
> 
> #### EMC developer only
> COMPONENT=atmos
> export COMIN=${COMIN:-$(compath.py -o ${envir}/${NET}/${gfs_ver})/${RUN}.${PDY}/${cyc}/$COMPONENT}
> export COMOUT=${COMOUT:-$(compath.py -o ${envir}/${NET}/${gfs_ver})/${RUN}.${PDY}/${cyc}/$COMPONENT}
> ####
++ diff /lfs/h1/ops/prod/packages/gfs.v16.2.0/ecf/scripts/./gfs/atmos/post_processing/awips_20km_1p0/jgfs_atmos_awips_f228.ecf /lfs/h2/emc/global/noscrub/Lin.Gan/git/feature-ops-wcoss2/ecf/scripts/./gfs/atmos/post_processing/awips_20km_1p0/jgfs_atmos_awips_f228.ecf
26c26
< module load cfp/${cfp_ver}
---
> #module load cfp/${cfp_ver}
38d37
< export USE_CFP=YES
40a40,45
> 
> #### EMC developer only
> COMPONENT=atmos
> export COMIN=${COMIN:-$(compath.py -o ${envir}/${NET}/${gfs_ver})/${RUN}.${PDY}/${cyc}/$COMPONENT}
> export COMOUT=${COMOUT:-$(compath.py -o ${envir}/${NET}/${gfs_ver})/${RUN}.${PDY}/${cyc}/$COMPONENT}
> ####
++ diff /lfs/h1/ops/prod/packages/gfs.v16.2.0/ecf/scripts/./gfs/atmos/post_processing/awips_20km_1p0/jgfs_atmos_awips_f045.ecf /lfs/h2/emc/global/noscrub/Lin.Gan/git/feature-ops-wcoss2/ecf/scripts/./gfs/atmos/post_processing/awips_20km_1p0/jgfs_atmos_awips_f045.ecf
26c26
< module load cfp/${cfp_ver}
---
> #module load cfp/${cfp_ver}
38d37
< export USE_CFP=YES
40a40,45
> 
> #### EMC developer only
> COMPONENT=atmos
> export COMIN=${COMIN:-$(compath.py -o ${envir}/${NET}/${gfs_ver})/${RUN}.${PDY}/${cyc}/$COMPONENT}
> export COMOUT=${COMOUT:-$(compath.py -o ${envir}/${NET}/${gfs_ver})/${RUN}.${PDY}/${cyc}/$COMPONENT}
> ####
++ diff /lfs/h1/ops/prod/packages/gfs.v16.2.0/ecf/scripts/./gfs/atmos/post_processing/awips_20km_1p0/jgfs_atmos_awips_f234.ecf /lfs/h2/emc/global/noscrub/Lin.Gan/git/feature-ops-wcoss2/ecf/scripts/./gfs/atmos/post_processing/awips_20km_1p0/jgfs_atmos_awips_f234.ecf
26c26
< module load cfp/${cfp_ver}
---
> #module load cfp/${cfp_ver}
38d37
< export USE_CFP=YES
40a40,45
> 
> #### EMC developer only
> COMPONENT=atmos
> export COMIN=${COMIN:-$(compath.py -o ${envir}/${NET}/${gfs_ver})/${RUN}.${PDY}/${cyc}/$COMPONENT}
> export COMOUT=${COMOUT:-$(compath.py -o ${envir}/${NET}/${gfs_ver})/${RUN}.${PDY}/${cyc}/$COMPONENT}
> ####
++ diff /lfs/h1/ops/prod/packages/gfs.v16.2.0/ecf/scripts/./gfs/atmos/post_processing/awips_20km_1p0/jgfs_atmos_awips_f150.ecf /lfs/h2/emc/global/noscrub/Lin.Gan/git/feature-ops-wcoss2/ecf/scripts/./gfs/atmos/post_processing/awips_20km_1p0/jgfs_atmos_awips_f150.ecf
26c26
< module load cfp/${cfp_ver}
---
> #module load cfp/${cfp_ver}
38d37
< export USE_CFP=YES
40a40,45
> 
> #### EMC developer only
> COMPONENT=atmos
> export COMIN=${COMIN:-$(compath.py -o ${envir}/${NET}/${gfs_ver})/${RUN}.${PDY}/${cyc}/$COMPONENT}
> export COMOUT=${COMOUT:-$(compath.py -o ${envir}/${NET}/${gfs_ver})/${RUN}.${PDY}/${cyc}/$COMPONENT}
> ####
++ diff /lfs/h1/ops/prod/packages/gfs.v16.2.0/ecf/scripts/./gfs/atmos/post_processing/awips_20km_1p0/jgfs_atmos_awips_f132.ecf /lfs/h2/emc/global/noscrub/Lin.Gan/git/feature-ops-wcoss2/ecf/scripts/./gfs/atmos/post_processing/awips_20km_1p0/jgfs_atmos_awips_f132.ecf
26c26
< module load cfp/${cfp_ver}
---
> #module load cfp/${cfp_ver}
38d37
< export USE_CFP=YES
40a40,45
> 
> #### EMC developer only
> COMPONENT=atmos
> export COMIN=${COMIN:-$(compath.py -o ${envir}/${NET}/${gfs_ver})/${RUN}.${PDY}/${cyc}/$COMPONENT}
> export COMOUT=${COMOUT:-$(compath.py -o ${envir}/${NET}/${gfs_ver})/${RUN}.${PDY}/${cyc}/$COMPONENT}
> ####
++ diff /lfs/h1/ops/prod/packages/gfs.v16.2.0/ecf/scripts/./gfs/atmos/post_processing/awips_20km_1p0/jgfs_atmos_awips_f000.ecf /lfs/h2/emc/global/noscrub/Lin.Gan/git/feature-ops-wcoss2/ecf/scripts/./gfs/atmos/post_processing/awips_20km_1p0/jgfs_atmos_awips_f000.ecf
26c26
< module load cfp/${cfp_ver}
---
> #module load cfp/${cfp_ver}
38d37
< export USE_CFP=YES
40a40,45
> 
> #### EMC developer only
> COMPONENT=atmos
> export COMIN=${COMIN:-$(compath.py -o ${envir}/${NET}/${gfs_ver})/${RUN}.${PDY}/${cyc}/$COMPONENT}
> export COMOUT=${COMOUT:-$(compath.py -o ${envir}/${NET}/${gfs_ver})/${RUN}.${PDY}/${cyc}/$COMPONENT}
> ####
++ diff /lfs/h1/ops/prod/packages/gfs.v16.2.0/ecf/scripts/./gfs/atmos/post_processing/awips_20km_1p0/jgfs_atmos_awips_f054.ecf /lfs/h2/emc/global/noscrub/Lin.Gan/git/feature-ops-wcoss2/ecf/scripts/./gfs/atmos/post_processing/awips_20km_1p0/jgfs_atmos_awips_f054.ecf
26c26
< module load cfp/${cfp_ver}
---
> #module load cfp/${cfp_ver}
38d37
< export USE_CFP=YES
40a40,45
> 
> #### EMC developer only
> COMPONENT=atmos
> export COMIN=${COMIN:-$(compath.py -o ${envir}/${NET}/${gfs_ver})/${RUN}.${PDY}/${cyc}/$COMPONENT}
> export COMOUT=${COMOUT:-$(compath.py -o ${envir}/${NET}/${gfs_ver})/${RUN}.${PDY}/${cyc}/$COMPONENT}
> ####
++ diff /lfs/h1/ops/prod/packages/gfs.v16.2.0/ecf/scripts/./gfs/atmos/post_processing/awips_20km_1p0/jgfs_atmos_awips_f204.ecf /lfs/h2/emc/global/noscrub/Lin.Gan/git/feature-ops-wcoss2/ecf/scripts/./gfs/atmos/post_processing/awips_20km_1p0/jgfs_atmos_awips_f204.ecf
26c26
< module load cfp/${cfp_ver}
---
> #module load cfp/${cfp_ver}
38d37
< export USE_CFP=YES
40a40,45
> 
> #### EMC developer only
> COMPONENT=atmos
> export COMIN=${COMIN:-$(compath.py -o ${envir}/${NET}/${gfs_ver})/${RUN}.${PDY}/${cyc}/$COMPONENT}
> export COMOUT=${COMOUT:-$(compath.py -o ${envir}/${NET}/${gfs_ver})/${RUN}.${PDY}/${cyc}/$COMPONENT}
> ####
++ diff /lfs/h1/ops/prod/packages/gfs.v16.2.0/ecf/scripts/./gfs/atmos/post_processing/awips_20km_1p0/jgfs_atmos_awips_f186.ecf /lfs/h2/emc/global/noscrub/Lin.Gan/git/feature-ops-wcoss2/ecf/scripts/./gfs/atmos/post_processing/awips_20km_1p0/jgfs_atmos_awips_f186.ecf
26c26
< module load cfp/${cfp_ver}
---
> #module load cfp/${cfp_ver}
38d37
< export USE_CFP=YES
40a40,45
> 
> #### EMC developer only
> COMPONENT=atmos
> export COMIN=${COMIN:-$(compath.py -o ${envir}/${NET}/${gfs_ver})/${RUN}.${PDY}/${cyc}/$COMPONENT}
> export COMOUT=${COMOUT:-$(compath.py -o ${envir}/${NET}/${gfs_ver})/${RUN}.${PDY}/${cyc}/$COMPONENT}
> ####
++ diff /lfs/h1/ops/prod/packages/gfs.v16.2.0/ecf/scripts/./gfs/atmos/post_processing/awips_20km_1p0/jgfs_atmos_awips_f180.ecf /lfs/h2/emc/global/noscrub/Lin.Gan/git/feature-ops-wcoss2/ecf/scripts/./gfs/atmos/post_processing/awips_20km_1p0/jgfs_atmos_awips_f180.ecf
26c26
< module load cfp/${cfp_ver}
---
> #module load cfp/${cfp_ver}
38d37
< export USE_CFP=YES
40a40,45
> 
> #### EMC developer only
> COMPONENT=atmos
> export COMIN=${COMIN:-$(compath.py -o ${envir}/${NET}/${gfs_ver})/${RUN}.${PDY}/${cyc}/$COMPONENT}
> export COMOUT=${COMOUT:-$(compath.py -o ${envir}/${NET}/${gfs_ver})/${RUN}.${PDY}/${cyc}/$COMPONENT}
> ####
++ diff /lfs/h1/ops/prod/packages/gfs.v16.2.0/ecf/scripts/./gfs/atmos/post_processing/awips_20km_1p0/jgfs_atmos_awips_f057.ecf /lfs/h2/emc/global/noscrub/Lin.Gan/git/feature-ops-wcoss2/ecf/scripts/./gfs/atmos/post_processing/awips_20km_1p0/jgfs_atmos_awips_f057.ecf
26c26
< module load cfp/${cfp_ver}
---
> #module load cfp/${cfp_ver}
38d37
< export USE_CFP=YES
40a40,45
> 
> #### EMC developer only
> COMPONENT=atmos
> export COMIN=${COMIN:-$(compath.py -o ${envir}/${NET}/${gfs_ver})/${RUN}.${PDY}/${cyc}/$COMPONENT}
> export COMOUT=${COMOUT:-$(compath.py -o ${envir}/${NET}/${gfs_ver})/${RUN}.${PDY}/${cyc}/$COMPONENT}
> ####
++ diff /lfs/h1/ops/prod/packages/gfs.v16.2.0/ecf/scripts/./gfs/atmos/post_processing/awips_20km_1p0/jgfs_atmos_awips_f138.ecf /lfs/h2/emc/global/noscrub/Lin.Gan/git/feature-ops-wcoss2/ecf/scripts/./gfs/atmos/post_processing/awips_20km_1p0/jgfs_atmos_awips_f138.ecf
26c26
< module load cfp/${cfp_ver}
---
> #module load cfp/${cfp_ver}
38d37
< export USE_CFP=YES
40a40,45
> 
> #### EMC developer only
> COMPONENT=atmos
> export COMIN=${COMIN:-$(compath.py -o ${envir}/${NET}/${gfs_ver})/${RUN}.${PDY}/${cyc}/$COMPONENT}
> export COMOUT=${COMOUT:-$(compath.py -o ${envir}/${NET}/${gfs_ver})/${RUN}.${PDY}/${cyc}/$COMPONENT}
> ####
++ diff /lfs/h1/ops/prod/packages/gfs.v16.2.0/ecf/scripts/./gfs/atmos/post_processing/awips_20km_1p0/jgfs_atmos_awips_f078.ecf /lfs/h2/emc/global/noscrub/Lin.Gan/git/feature-ops-wcoss2/ecf/scripts/./gfs/atmos/post_processing/awips_20km_1p0/jgfs_atmos_awips_f078.ecf
26c26
< module load cfp/${cfp_ver}
---
> #module load cfp/${cfp_ver}
38d37
< export USE_CFP=YES
40a40,45
> 
> #### EMC developer only
> COMPONENT=atmos
> export COMIN=${COMIN:-$(compath.py -o ${envir}/${NET}/${gfs_ver})/${RUN}.${PDY}/${cyc}/$COMPONENT}
> export COMOUT=${COMOUT:-$(compath.py -o ${envir}/${NET}/${gfs_ver})/${RUN}.${PDY}/${cyc}/$COMPONENT}
> ####
++ diff /lfs/h1/ops/prod/packages/gfs.v16.2.0/ecf/scripts/./gfs/atmos/analysis/jgfs_atmos_analysis.ecf /lfs/h2/emc/global/noscrub/Lin.Gan/git/feature-ops-wcoss2/ecf/scripts/./gfs/atmos/analysis/jgfs_atmos_analysis.ecf
++ diff /lfs/h1/ops/prod/packages/gfs.v16.2.0/ecf/scripts/./gfs/atmos/analysis/jgfs_atmos_analysis_calc.ecf /lfs/h2/emc/global/noscrub/Lin.Gan/git/feature-ops-wcoss2/ecf/scripts/./gfs/atmos/analysis/jgfs_atmos_analysis_calc.ecf
39d38
< export USE_CFP=YES
++ diff /lfs/h1/ops/prod/packages/gfs.v16.2.0/ecf/scripts/./gfs/atmos/verf/jgfs_atmos_vminmon.ecf /lfs/h2/emc/global/noscrub/Lin.Gan/git/feature-ops-wcoss2/ecf/scripts/./gfs/atmos/verf/jgfs_atmos_vminmon.ecf
37a38,41
> #### EMC developer only
> export COM_IN=${COM_IN:-$(compath.py -o ${envir}/${NET}/${gfs_ver})}
> ####
> 
++ diff /lfs/h1/ops/prod/packages/gfs.v16.2.0/ecf/scripts/./gfs/atmos/post/jgfs_atmos_post_f225.ecf /lfs/h2/emc/global/noscrub/Lin.Gan/git/feature-ops-wcoss2/ecf/scripts/./gfs/atmos/post/jgfs_atmos_post_f225.ecf
++ diff /lfs/h1/ops/prod/packages/gfs.v16.2.0/ecf/scripts/./gfs/atmos/post/jgfs_atmos_post_f018.ecf /lfs/h2/emc/global/noscrub/Lin.Gan/git/feature-ops-wcoss2/ecf/scripts/./gfs/atmos/post/jgfs_atmos_post_f018.ecf
++ diff /lfs/h1/ops/prod/packages/gfs.v16.2.0/ecf/scripts/./gfs/atmos/post/jgfs_atmos_post_f058.ecf /lfs/h2/emc/global/noscrub/Lin.Gan/git/feature-ops-wcoss2/ecf/scripts/./gfs/atmos/post/jgfs_atmos_post_f058.ecf
++ diff /lfs/h1/ops/prod/packages/gfs.v16.2.0/ecf/scripts/./gfs/atmos/post/jgfs_atmos_post_f150.ecf /lfs/h2/emc/global/noscrub/Lin.Gan/git/feature-ops-wcoss2/ecf/scripts/./gfs/atmos/post/jgfs_atmos_post_f150.ecf
++ diff /lfs/h1/ops/prod/packages/gfs.v16.2.0/ecf/scripts/./gfs/atmos/post/jgfs_atmos_post_f222.ecf /lfs/h2/emc/global/noscrub/Lin.Gan/git/feature-ops-wcoss2/ecf/scripts/./gfs/atmos/post/jgfs_atmos_post_f222.ecf
++ diff /lfs/h1/ops/prod/packages/gfs.v16.2.0/ecf/scripts/./gfs/atmos/post/jgfs_atmos_post_f138.ecf /lfs/h2/emc/global/noscrub/Lin.Gan/git/feature-ops-wcoss2/ecf/scripts/./gfs/atmos/post/jgfs_atmos_post_f138.ecf
++ diff /lfs/h1/ops/prod/packages/gfs.v16.2.0/ecf/scripts/./gfs/atmos/post/jgfs_atmos_post_f022.ecf /lfs/h2/emc/global/noscrub/Lin.Gan/git/feature-ops-wcoss2/ecf/scripts/./gfs/atmos/post/jgfs_atmos_post_f022.ecf
++ diff /lfs/h1/ops/prod/packages/gfs.v16.2.0/ecf/scripts/./gfs/atmos/post/jgfs_atmos_post_f054.ecf /lfs/h2/emc/global/noscrub/Lin.Gan/git/feature-ops-wcoss2/ecf/scripts/./gfs/atmos/post/jgfs_atmos_post_f054.ecf
++ diff /lfs/h1/ops/prod/packages/gfs.v16.2.0/ecf/scripts/./gfs/atmos/post/jgfs_atmos_post_f023.ecf /lfs/h2/emc/global/noscrub/Lin.Gan/git/feature-ops-wcoss2/ecf/scripts/./gfs/atmos/post/jgfs_atmos_post_f023.ecf
++ diff /lfs/h1/ops/prod/packages/gfs.v16.2.0/ecf/scripts/./gfs/atmos/post/jgfs_atmos_post_f011.ecf /lfs/h2/emc/global/noscrub/Lin.Gan/git/feature-ops-wcoss2/ecf/scripts/./gfs/atmos/post/jgfs_atmos_post_f011.ecf
++ diff /lfs/h1/ops/prod/packages/gfs.v16.2.0/ecf/scripts/./gfs/atmos/post/jgfs_atmos_post_f039.ecf /lfs/h2/emc/global/noscrub/Lin.Gan/git/feature-ops-wcoss2/ecf/scripts/./gfs/atmos/post/jgfs_atmos_post_f039.ecf
++ diff /lfs/h1/ops/prod/packages/gfs.v16.2.0/ecf/scripts/./gfs/atmos/post/jgfs_atmos_post_f294.ecf /lfs/h2/emc/global/noscrub/Lin.Gan/git/feature-ops-wcoss2/ecf/scripts/./gfs/atmos/post/jgfs_atmos_post_f294.ecf
++ diff /lfs/h1/ops/prod/packages/gfs.v16.2.0/ecf/scripts/./gfs/atmos/post/jgfs_atmos_post_f192.ecf /lfs/h2/emc/global/noscrub/Lin.Gan/git/feature-ops-wcoss2/ecf/scripts/./gfs/atmos/post/jgfs_atmos_post_f192.ecf
++ diff /lfs/h1/ops/prod/packages/gfs.v16.2.0/ecf/scripts/./gfs/atmos/post/jgfs_atmos_post_f118.ecf /lfs/h2/emc/global/noscrub/Lin.Gan/git/feature-ops-wcoss2/ecf/scripts/./gfs/atmos/post/jgfs_atmos_post_f118.ecf
++ diff /lfs/h1/ops/prod/packages/gfs.v16.2.0/ecf/scripts/./gfs/atmos/post/jgfs_atmos_post_f285.ecf /lfs/h2/emc/global/noscrub/Lin.Gan/git/feature-ops-wcoss2/ecf/scripts/./gfs/atmos/post/jgfs_atmos_post_f285.ecf
++ diff /lfs/h1/ops/prod/packages/gfs.v16.2.0/ecf/scripts/./gfs/atmos/post/jgfs_atmos_post_f078.ecf /lfs/h2/emc/global/noscrub/Lin.Gan/git/feature-ops-wcoss2/ecf/scripts/./gfs/atmos/post/jgfs_atmos_post_f078.ecf
++ diff /lfs/h1/ops/prod/packages/gfs.v16.2.0/ecf/scripts/./gfs/atmos/post/jgfs_atmos_post_f021.ecf /lfs/h2/emc/global/noscrub/Lin.Gan/git/feature-ops-wcoss2/ecf/scripts/./gfs/atmos/post/jgfs_atmos_post_f021.ecf
++ diff /lfs/h1/ops/prod/packages/gfs.v16.2.0/ecf/scripts/./gfs/atmos/post/jgfs_atmos_post_f012.ecf /lfs/h2/emc/global/noscrub/Lin.Gan/git/feature-ops-wcoss2/ecf/scripts/./gfs/atmos/post/jgfs_atmos_post_f012.ecf
++ diff /lfs/h1/ops/prod/packages/gfs.v16.2.0/ecf/scripts/./gfs/atmos/post/jgfs_atmos_post_f029.ecf /lfs/h2/emc/global/noscrub/Lin.Gan/git/feature-ops-wcoss2/ecf/scripts/./gfs/atmos/post/jgfs_atmos_post_f029.ecf
++ diff /lfs/h1/ops/prod/packages/gfs.v16.2.0/ecf/scripts/./gfs/atmos/post/jgfs_atmos_post_f228.ecf /lfs/h2/emc/global/noscrub/Lin.Gan/git/feature-ops-wcoss2/ecf/scripts/./gfs/atmos/post/jgfs_atmos_post_f228.ecf
++ diff /lfs/h1/ops/prod/packages/gfs.v16.2.0/ecf/scripts/./gfs/atmos/post/jgfs_atmos_post_f144.ecf /lfs/h2/emc/global/noscrub/Lin.Gan/git/feature-ops-wcoss2/ecf/scripts/./gfs/atmos/post/jgfs_atmos_post_f144.ecf
++ diff /lfs/h1/ops/prod/packages/gfs.v16.2.0/ecf/scripts/./gfs/atmos/post/jgfs_atmos_post_f055.ecf /lfs/h2/emc/global/noscrub/Lin.Gan/git/feature-ops-wcoss2/ecf/scripts/./gfs/atmos/post/jgfs_atmos_post_f055.ecf
++ diff /lfs/h1/ops/prod/packages/gfs.v16.2.0/ecf/scripts/./gfs/atmos/post/jgfs_atmos_post_f001.ecf /lfs/h2/emc/global/noscrub/Lin.Gan/git/feature-ops-wcoss2/ecf/scripts/./gfs/atmos/post/jgfs_atmos_post_f001.ecf
++ diff /lfs/h1/ops/prod/packages/gfs.v16.2.0/ecf/scripts/./gfs/atmos/post/jgfs_atmos_post_f027.ecf /lfs/h2/emc/global/noscrub/Lin.Gan/git/feature-ops-wcoss2/ecf/scripts/./gfs/atmos/post/jgfs_atmos_post_f027.ecf
++ diff /lfs/h1/ops/prod/packages/gfs.v16.2.0/ecf/scripts/./gfs/atmos/post/jgfs_atmos_post_f135.ecf /lfs/h2/emc/global/noscrub/Lin.Gan/git/feature-ops-wcoss2/ecf/scripts/./gfs/atmos/post/jgfs_atmos_post_f135.ecf
++ diff /lfs/h1/ops/prod/packages/gfs.v16.2.0/ecf/scripts/./gfs/atmos/post/jgfs_atmos_post_f381.ecf /lfs/h2/emc/global/noscrub/Lin.Gan/git/feature-ops-wcoss2/ecf/scripts/./gfs/atmos/post/jgfs_atmos_post_f381.ecf
++ diff /lfs/h1/ops/prod/packages/gfs.v16.2.0/ecf/scripts/./gfs/atmos/post/jgfs_atmos_post_f327.ecf /lfs/h2/emc/global/noscrub/Lin.Gan/git/feature-ops-wcoss2/ecf/scripts/./gfs/atmos/post/jgfs_atmos_post_f327.ecf
++ diff /lfs/h1/ops/prod/packages/gfs.v16.2.0/ecf/scripts/./gfs/atmos/post/jgfs_atmos_post_f210.ecf /lfs/h2/emc/global/noscrub/Lin.Gan/git/feature-ops-wcoss2/ecf/scripts/./gfs/atmos/post/jgfs_atmos_post_f210.ecf
++ diff /lfs/h1/ops/prod/packages/gfs.v16.2.0/ecf/scripts/./gfs/atmos/post/jgfs_atmos_post_f174.ecf /lfs/h2/emc/global/noscrub/Lin.Gan/git/feature-ops-wcoss2/ecf/scripts/./gfs/atmos/post/jgfs_atmos_post_f174.ecf
++ diff /lfs/h1/ops/prod/packages/gfs.v16.2.0/ecf/scripts/./gfs/atmos/post/jgfs_atmos_post_f246.ecf /lfs/h2/emc/global/noscrub/Lin.Gan/git/feature-ops-wcoss2/ecf/scripts/./gfs/atmos/post/jgfs_atmos_post_f246.ecf
++ diff /lfs/h1/ops/prod/packages/gfs.v16.2.0/ecf/scripts/./gfs/atmos/post/jgfs_atmos_post_f053.ecf /lfs/h2/emc/global/noscrub/Lin.Gan/git/feature-ops-wcoss2/ecf/scripts/./gfs/atmos/post/jgfs_atmos_post_f053.ecf
++ diff /lfs/h1/ops/prod/packages/gfs.v16.2.0/ecf/scripts/./gfs/atmos/post/jgfs_atmos_post_f119.ecf /lfs/h2/emc/global/noscrub/Lin.Gan/git/feature-ops-wcoss2/ecf/scripts/./gfs/atmos/post/jgfs_atmos_post_f119.ecf
++ diff /lfs/h1/ops/prod/packages/gfs.v16.2.0/ecf/scripts/./gfs/atmos/post/jgfs_atmos_post_f047.ecf /lfs/h2/emc/global/noscrub/Lin.Gan/git/feature-ops-wcoss2/ecf/scripts/./gfs/atmos/post/jgfs_atmos_post_f047.ecf
++ diff /lfs/h1/ops/prod/packages/gfs.v16.2.0/ecf/scripts/./gfs/atmos/post/jgfs_atmos_post_f297.ecf /lfs/h2/emc/global/noscrub/Lin.Gan/git/feature-ops-wcoss2/ecf/scripts/./gfs/atmos/post/jgfs_atmos_post_f297.ecf
++ diff /lfs/h1/ops/prod/packages/gfs.v16.2.0/ecf/scripts/./gfs/atmos/post/jgfs_atmos_post_f069.ecf /lfs/h2/emc/global/noscrub/Lin.Gan/git/feature-ops-wcoss2/ecf/scripts/./gfs/atmos/post/jgfs_atmos_post_f069.ecf
++ diff /lfs/h1/ops/prod/packages/gfs.v16.2.0/ecf/scripts/./gfs/atmos/post/jgfs_atmos_post_f050.ecf /lfs/h2/emc/global/noscrub/Lin.Gan/git/feature-ops-wcoss2/ecf/scripts/./gfs/atmos/post/jgfs_atmos_post_f050.ecf
++ diff /lfs/h1/ops/prod/packages/gfs.v16.2.0/ecf/scripts/./gfs/atmos/post/jgfs_atmos_post_f065.ecf /lfs/h2/emc/global/noscrub/Lin.Gan/git/feature-ops-wcoss2/ecf/scripts/./gfs/atmos/post/jgfs_atmos_post_f065.ecf
++ diff /lfs/h1/ops/prod/packages/gfs.v16.2.0/ecf/scripts/./gfs/atmos/post/jgfs_atmos_post_f318.ecf /lfs/h2/emc/global/noscrub/Lin.Gan/git/feature-ops-wcoss2/ecf/scripts/./gfs/atmos/post/jgfs_atmos_post_f318.ecf
++ diff /lfs/h1/ops/prod/packages/gfs.v16.2.0/ecf/scripts/./gfs/atmos/post/jgfs_atmos_post_f037.ecf /lfs/h2/emc/global/noscrub/Lin.Gan/git/feature-ops-wcoss2/ecf/scripts/./gfs/atmos/post/jgfs_atmos_post_f037.ecf
++ diff /lfs/h1/ops/prod/packages/gfs.v16.2.0/ecf/scripts/./gfs/atmos/post/jgfs_atmos_post_f147.ecf /lfs/h2/emc/global/noscrub/Lin.Gan/git/feature-ops-wcoss2/ecf/scripts/./gfs/atmos/post/jgfs_atmos_post_f147.ecf
++ diff /lfs/h1/ops/prod/packages/gfs.v16.2.0/ecf/scripts/./gfs/atmos/post/jgfs_atmos_post_f095.ecf /lfs/h2/emc/global/noscrub/Lin.Gan/git/feature-ops-wcoss2/ecf/scripts/./gfs/atmos/post/jgfs_atmos_post_f095.ecf
++ diff /lfs/h1/ops/prod/packages/gfs.v16.2.0/ecf/scripts/./gfs/atmos/post/jgfs_atmos_post_f000.ecf /lfs/h2/emc/global/noscrub/Lin.Gan/git/feature-ops-wcoss2/ecf/scripts/./gfs/atmos/post/jgfs_atmos_post_f000.ecf
++ diff /lfs/h1/ops/prod/packages/gfs.v16.2.0/ecf/scripts/./gfs/atmos/post/jgfs_atmos_post_f111.ecf /lfs/h2/emc/global/noscrub/Lin.Gan/git/feature-ops-wcoss2/ecf/scripts/./gfs/atmos/post/jgfs_atmos_post_f111.ecf
++ diff /lfs/h1/ops/prod/packages/gfs.v16.2.0/ecf/scripts/./gfs/atmos/post/jgfs_atmos_post_f162.ecf /lfs/h2/emc/global/noscrub/Lin.Gan/git/feature-ops-wcoss2/ecf/scripts/./gfs/atmos/post/jgfs_atmos_post_f162.ecf
++ diff /lfs/h1/ops/prod/packages/gfs.v16.2.0/ecf/scripts/./gfs/atmos/post/jgfs_atmos_post_f270.ecf /lfs/h2/emc/global/noscrub/Lin.Gan/git/feature-ops-wcoss2/ecf/scripts/./gfs/atmos/post/jgfs_atmos_post_f270.ecf
++ diff /lfs/h1/ops/prod/packages/gfs.v16.2.0/ecf/scripts/./gfs/atmos/post/jgfs_atmos_post_f321.ecf /lfs/h2/emc/global/noscrub/Lin.Gan/git/feature-ops-wcoss2/ecf/scripts/./gfs/atmos/post/jgfs_atmos_post_f321.ecf
++ diff /lfs/h1/ops/prod/packages/gfs.v16.2.0/ecf/scripts/./gfs/atmos/post/jgfs_atmos_post_f115.ecf /lfs/h2/emc/global/noscrub/Lin.Gan/git/feature-ops-wcoss2/ecf/scripts/./gfs/atmos/post/jgfs_atmos_post_f115.ecf
++ diff /lfs/h1/ops/prod/packages/gfs.v16.2.0/ecf/scripts/./gfs/atmos/post/jgfs_atmos_post_f007.ecf /lfs/h2/emc/global/noscrub/Lin.Gan/git/feature-ops-wcoss2/ecf/scripts/./gfs/atmos/post/jgfs_atmos_post_f007.ecf
++ diff /lfs/h1/ops/prod/packages/gfs.v16.2.0/ecf/scripts/./gfs/atmos/post/jgfs_atmos_post_f034.ecf /lfs/h2/emc/global/noscrub/Lin.Gan/git/feature-ops-wcoss2/ecf/scripts/./gfs/atmos/post/jgfs_atmos_post_f034.ecf
++ diff /lfs/h1/ops/prod/packages/gfs.v16.2.0/ecf/scripts/./gfs/atmos/post/jgfs_atmos_post_f177.ecf /lfs/h2/emc/global/noscrub/Lin.Gan/git/feature-ops-wcoss2/ecf/scripts/./gfs/atmos/post/jgfs_atmos_post_f177.ecf
++ diff /lfs/h1/ops/prod/packages/gfs.v16.2.0/ecf/scripts/./gfs/atmos/post/jgfs_atmos_post_f282.ecf /lfs/h2/emc/global/noscrub/Lin.Gan/git/feature-ops-wcoss2/ecf/scripts/./gfs/atmos/post/jgfs_atmos_post_f282.ecf
++ diff /lfs/h1/ops/prod/packages/gfs.v16.2.0/ecf/scripts/./gfs/atmos/post/jgfs_atmos_post_f366.ecf /lfs/h2/emc/global/noscrub/Lin.Gan/git/feature-ops-wcoss2/ecf/scripts/./gfs/atmos/post/jgfs_atmos_post_f366.ecf
++ diff /lfs/h1/ops/prod/packages/gfs.v16.2.0/ecf/scripts/./gfs/atmos/post/jgfs_atmos_post_f093.ecf /lfs/h2/emc/global/noscrub/Lin.Gan/git/feature-ops-wcoss2/ecf/scripts/./gfs/atmos/post/jgfs_atmos_post_f093.ecf
++ diff /lfs/h1/ops/prod/packages/gfs.v16.2.0/ecf/scripts/./gfs/atmos/post/jgfs_atmos_post_f126.ecf /lfs/h2/emc/global/noscrub/Lin.Gan/git/feature-ops-wcoss2/ecf/scripts/./gfs/atmos/post/jgfs_atmos_post_f126.ecf
++ diff /lfs/h1/ops/prod/packages/gfs.v16.2.0/ecf/scripts/./gfs/atmos/post/jgfs_atmos_post_f330.ecf /lfs/h2/emc/global/noscrub/Lin.Gan/git/feature-ops-wcoss2/ecf/scripts/./gfs/atmos/post/jgfs_atmos_post_f330.ecf
++ diff /lfs/h1/ops/prod/packages/gfs.v16.2.0/ecf/scripts/./gfs/atmos/post/jgfs_atmos_post_f252.ecf /lfs/h2/emc/global/noscrub/Lin.Gan/git/feature-ops-wcoss2/ecf/scripts/./gfs/atmos/post/jgfs_atmos_post_f252.ecf
++ diff /lfs/h1/ops/prod/packages/gfs.v16.2.0/ecf/scripts/./gfs/atmos/post/jgfs_atmos_post_f107.ecf /lfs/h2/emc/global/noscrub/Lin.Gan/git/feature-ops-wcoss2/ecf/scripts/./gfs/atmos/post/jgfs_atmos_post_f107.ecf
++ diff /lfs/h1/ops/prod/packages/gfs.v16.2.0/ecf/scripts/./gfs/atmos/post/jgfs_atmos_post_f087.ecf /lfs/h2/emc/global/noscrub/Lin.Gan/git/feature-ops-wcoss2/ecf/scripts/./gfs/atmos/post/jgfs_atmos_post_f087.ecf
++ diff /lfs/h1/ops/prod/packages/gfs.v16.2.0/ecf/scripts/./gfs/atmos/post/jgfs_atmos_post_f005.ecf /lfs/h2/emc/global/noscrub/Lin.Gan/git/feature-ops-wcoss2/ecf/scripts/./gfs/atmos/post/jgfs_atmos_post_f005.ecf
++ diff /lfs/h1/ops/prod/packages/gfs.v16.2.0/ecf/scripts/./gfs/atmos/post/jgfs_atmos_post_f016.ecf /lfs/h2/emc/global/noscrub/Lin.Gan/git/feature-ops-wcoss2/ecf/scripts/./gfs/atmos/post/jgfs_atmos_post_f016.ecf
++ diff /lfs/h1/ops/prod/packages/gfs.v16.2.0/ecf/scripts/./gfs/atmos/post/jgfs_atmos_post_f030.ecf /lfs/h2/emc/global/noscrub/Lin.Gan/git/feature-ops-wcoss2/ecf/scripts/./gfs/atmos/post/jgfs_atmos_post_f030.ecf
++ diff /lfs/h1/ops/prod/packages/gfs.v16.2.0/ecf/scripts/./gfs/atmos/post/jgfs_atmos_post_f261.ecf /lfs/h2/emc/global/noscrub/Lin.Gan/git/feature-ops-wcoss2/ecf/scripts/./gfs/atmos/post/jgfs_atmos_post_f261.ecf
++ diff /lfs/h1/ops/prod/packages/gfs.v16.2.0/ecf/scripts/./gfs/atmos/post/jgfs_atmos_post_f375.ecf /lfs/h2/emc/global/noscrub/Lin.Gan/git/feature-ops-wcoss2/ecf/scripts/./gfs/atmos/post/jgfs_atmos_post_f375.ecf
++ diff /lfs/h1/ops/prod/packages/gfs.v16.2.0/ecf/scripts/./gfs/atmos/post/jgfs_atmos_post_f273.ecf /lfs/h2/emc/global/noscrub/Lin.Gan/git/feature-ops-wcoss2/ecf/scripts/./gfs/atmos/post/jgfs_atmos_post_f273.ecf
++ diff /lfs/h1/ops/prod/packages/gfs.v16.2.0/ecf/scripts/./gfs/atmos/post/jgfs_atmos_post_f010.ecf /lfs/h2/emc/global/noscrub/Lin.Gan/git/feature-ops-wcoss2/ecf/scripts/./gfs/atmos/post/jgfs_atmos_post_f010.ecf
++ diff /lfs/h1/ops/prod/packages/gfs.v16.2.0/ecf/scripts/./gfs/atmos/post/jgfs_atmos_post_f063.ecf /lfs/h2/emc/global/noscrub/Lin.Gan/git/feature-ops-wcoss2/ecf/scripts/./gfs/atmos/post/jgfs_atmos_post_f063.ecf
++ diff /lfs/h1/ops/prod/packages/gfs.v16.2.0/ecf/scripts/./gfs/atmos/post/jgfs_atmos_post_f153.ecf /lfs/h2/emc/global/noscrub/Lin.Gan/git/feature-ops-wcoss2/ecf/scripts/./gfs/atmos/post/jgfs_atmos_post_f153.ecf
++ diff /lfs/h1/ops/prod/packages/gfs.v16.2.0/ecf/scripts/./gfs/atmos/post/jgfs_atmos_post_f112.ecf /lfs/h2/emc/global/noscrub/Lin.Gan/git/feature-ops-wcoss2/ecf/scripts/./gfs/atmos/post/jgfs_atmos_post_f112.ecf
++ diff /lfs/h1/ops/prod/packages/gfs.v16.2.0/ecf/scripts/./gfs/atmos/post/jgfs_atmos_post_f267.ecf /lfs/h2/emc/global/noscrub/Lin.Gan/git/feature-ops-wcoss2/ecf/scripts/./gfs/atmos/post/jgfs_atmos_post_f267.ecf
++ diff /lfs/h1/ops/prod/packages/gfs.v16.2.0/ecf/scripts/./gfs/atmos/post/jgfs_atmos_post_f076.ecf /lfs/h2/emc/global/noscrub/Lin.Gan/git/feature-ops-wcoss2/ecf/scripts/./gfs/atmos/post/jgfs_atmos_post_f076.ecf
++ diff /lfs/h1/ops/prod/packages/gfs.v16.2.0/ecf/scripts/./gfs/atmos/post/jgfs_atmos_post_f303.ecf /lfs/h2/emc/global/noscrub/Lin.Gan/git/feature-ops-wcoss2/ecf/scripts/./gfs/atmos/post/jgfs_atmos_post_f303.ecf
++ diff /lfs/h1/ops/prod/packages/gfs.v16.2.0/ecf/scripts/./gfs/atmos/post/jgfs_atmos_post_f101.ecf /lfs/h2/emc/global/noscrub/Lin.Gan/git/feature-ops-wcoss2/ecf/scripts/./gfs/atmos/post/jgfs_atmos_post_f101.ecf
++ diff /lfs/h1/ops/prod/packages/gfs.v16.2.0/ecf/scripts/./gfs/atmos/post/jgfs_atmos_post_f024.ecf /lfs/h2/emc/global/noscrub/Lin.Gan/git/feature-ops-wcoss2/ecf/scripts/./gfs/atmos/post/jgfs_atmos_post_f024.ecf
++ diff /lfs/h1/ops/prod/packages/gfs.v16.2.0/ecf/scripts/./gfs/atmos/post/jgfs_atmos_post_master.ecf /lfs/h2/emc/global/noscrub/Lin.Gan/git/feature-ops-wcoss2/ecf/scripts/./gfs/atmos/post/jgfs_atmos_post_master.ecf
++ diff /lfs/h1/ops/prod/packages/gfs.v16.2.0/ecf/scripts/./gfs/atmos/post/jgfs_atmos_post_f077.ecf /lfs/h2/emc/global/noscrub/Lin.Gan/git/feature-ops-wcoss2/ecf/scripts/./gfs/atmos/post/jgfs_atmos_post_f077.ecf
++ diff /lfs/h1/ops/prod/packages/gfs.v16.2.0/ecf/scripts/./gfs/atmos/post/jgfs_atmos_post_f086.ecf /lfs/h2/emc/global/noscrub/Lin.Gan/git/feature-ops-wcoss2/ecf/scripts/./gfs/atmos/post/jgfs_atmos_post_f086.ecf
++ diff /lfs/h1/ops/prod/packages/gfs.v16.2.0/ecf/scripts/./gfs/atmos/post/jgfs_atmos_post_f168.ecf /lfs/h2/emc/global/noscrub/Lin.Gan/git/feature-ops-wcoss2/ecf/scripts/./gfs/atmos/post/jgfs_atmos_post_f168.ecf
++ diff /lfs/h1/ops/prod/packages/gfs.v16.2.0/ecf/scripts/./gfs/atmos/post/jgfs_atmos_post_f117.ecf /lfs/h2/emc/global/noscrub/Lin.Gan/git/feature-ops-wcoss2/ecf/scripts/./gfs/atmos/post/jgfs_atmos_post_f117.ecf
++ diff /lfs/h1/ops/prod/packages/gfs.v16.2.0/ecf/scripts/./gfs/atmos/post/jgfs_atmos_post_f051.ecf /lfs/h2/emc/global/noscrub/Lin.Gan/git/feature-ops-wcoss2/ecf/scripts/./gfs/atmos/post/jgfs_atmos_post_f051.ecf
++ diff /lfs/h1/ops/prod/packages/gfs.v16.2.0/ecf/scripts/./gfs/atmos/post/jgfs_atmos_post_f243.ecf /lfs/h2/emc/global/noscrub/Lin.Gan/git/feature-ops-wcoss2/ecf/scripts/./gfs/atmos/post/jgfs_atmos_post_f243.ecf
++ diff /lfs/h1/ops/prod/packages/gfs.v16.2.0/ecf/scripts/./gfs/atmos/post/jgfs_atmos_post_f234.ecf /lfs/h2/emc/global/noscrub/Lin.Gan/git/feature-ops-wcoss2/ecf/scripts/./gfs/atmos/post/jgfs_atmos_post_f234.ecf
++ diff /lfs/h1/ops/prod/packages/gfs.v16.2.0/ecf/scripts/./gfs/atmos/post/jgfs_atmos_post_f357.ecf /lfs/h2/emc/global/noscrub/Lin.Gan/git/feature-ops-wcoss2/ecf/scripts/./gfs/atmos/post/jgfs_atmos_post_f357.ecf
++ diff /lfs/h1/ops/prod/packages/gfs.v16.2.0/ecf/scripts/./gfs/atmos/post/jgfs_atmos_post_f102.ecf /lfs/h2/emc/global/noscrub/Lin.Gan/git/feature-ops-wcoss2/ecf/scripts/./gfs/atmos/post/jgfs_atmos_post_f102.ecf
++ diff /lfs/h1/ops/prod/packages/gfs.v16.2.0/ecf/scripts/./gfs/atmos/post/jgfs_atmos_post_f141.ecf /lfs/h2/emc/global/noscrub/Lin.Gan/git/feature-ops-wcoss2/ecf/scripts/./gfs/atmos/post/jgfs_atmos_post_f141.ecf
++ diff /lfs/h1/ops/prod/packages/gfs.v16.2.0/ecf/scripts/./gfs/atmos/post/jgfs_atmos_post_f008.ecf /lfs/h2/emc/global/noscrub/Lin.Gan/git/feature-ops-wcoss2/ecf/scripts/./gfs/atmos/post/jgfs_atmos_post_f008.ecf
++ diff /lfs/h1/ops/prod/packages/gfs.v16.2.0/ecf/scripts/./gfs/atmos/post/jgfs_atmos_post_f071.ecf /lfs/h2/emc/global/noscrub/Lin.Gan/git/feature-ops-wcoss2/ecf/scripts/./gfs/atmos/post/jgfs_atmos_post_f071.ecf
++ diff /lfs/h1/ops/prod/packages/gfs.v16.2.0/ecf/scripts/./gfs/atmos/post/jgfs_atmos_post_f354.ecf /lfs/h2/emc/global/noscrub/Lin.Gan/git/feature-ops-wcoss2/ecf/scripts/./gfs/atmos/post/jgfs_atmos_post_f354.ecf
++ diff /lfs/h1/ops/prod/packages/gfs.v16.2.0/ecf/scripts/./gfs/atmos/post/jgfs_atmos_post_f378.ecf /lfs/h2/emc/global/noscrub/Lin.Gan/git/feature-ops-wcoss2/ecf/scripts/./gfs/atmos/post/jgfs_atmos_post_f378.ecf
++ diff /lfs/h1/ops/prod/packages/gfs.v16.2.0/ecf/scripts/./gfs/atmos/post/jgfs_atmos_post_f264.ecf /lfs/h2/emc/global/noscrub/Lin.Gan/git/feature-ops-wcoss2/ecf/scripts/./gfs/atmos/post/jgfs_atmos_post_f264.ecf
++ diff /lfs/h1/ops/prod/packages/gfs.v16.2.0/ecf/scripts/./gfs/atmos/post/jgfs_atmos_post_f219.ecf /lfs/h2/emc/global/noscrub/Lin.Gan/git/feature-ops-wcoss2/ecf/scripts/./gfs/atmos/post/jgfs_atmos_post_f219.ecf
++ diff /lfs/h1/ops/prod/packages/gfs.v16.2.0/ecf/scripts/./gfs/atmos/post/jgfs_atmos_post_f104.ecf /lfs/h2/emc/global/noscrub/Lin.Gan/git/feature-ops-wcoss2/ecf/scripts/./gfs/atmos/post/jgfs_atmos_post_f104.ecf
++ diff /lfs/h1/ops/prod/packages/gfs.v16.2.0/ecf/scripts/./gfs/atmos/post/jgfs_atmos_post_f156.ecf /lfs/h2/emc/global/noscrub/Lin.Gan/git/feature-ops-wcoss2/ecf/scripts/./gfs/atmos/post/jgfs_atmos_post_f156.ecf
++ diff /lfs/h1/ops/prod/packages/gfs.v16.2.0/ecf/scripts/./gfs/atmos/post/jgfs_atmos_post_f046.ecf /lfs/h2/emc/global/noscrub/Lin.Gan/git/feature-ops-wcoss2/ecf/scripts/./gfs/atmos/post/jgfs_atmos_post_f046.ecf
++ diff /lfs/h1/ops/prod/packages/gfs.v16.2.0/ecf/scripts/./gfs/atmos/post/jgfs_atmos_post_f237.ecf /lfs/h2/emc/global/noscrub/Lin.Gan/git/feature-ops-wcoss2/ecf/scripts/./gfs/atmos/post/jgfs_atmos_post_f237.ecf
++ diff /lfs/h1/ops/prod/packages/gfs.v16.2.0/ecf/scripts/./gfs/atmos/post/jgfs_atmos_post_f019.ecf /lfs/h2/emc/global/noscrub/Lin.Gan/git/feature-ops-wcoss2/ecf/scripts/./gfs/atmos/post/jgfs_atmos_post_f019.ecf
++ diff /lfs/h1/ops/prod/packages/gfs.v16.2.0/ecf/scripts/./gfs/atmos/post/jgfs_atmos_post_anl.ecf /lfs/h2/emc/global/noscrub/Lin.Gan/git/feature-ops-wcoss2/ecf/scripts/./gfs/atmos/post/jgfs_atmos_post_anl.ecf
++ diff /lfs/h1/ops/prod/packages/gfs.v16.2.0/ecf/scripts/./gfs/atmos/post/jgfs_atmos_post_f345.ecf /lfs/h2/emc/global/noscrub/Lin.Gan/git/feature-ops-wcoss2/ecf/scripts/./gfs/atmos/post/jgfs_atmos_post_f345.ecf
++ diff /lfs/h1/ops/prod/packages/gfs.v16.2.0/ecf/scripts/./gfs/atmos/post/jgfs_atmos_post_f074.ecf /lfs/h2/emc/global/noscrub/Lin.Gan/git/feature-ops-wcoss2/ecf/scripts/./gfs/atmos/post/jgfs_atmos_post_f074.ecf
++ diff /lfs/h1/ops/prod/packages/gfs.v16.2.0/ecf/scripts/./gfs/atmos/post/jgfs_atmos_post_f276.ecf /lfs/h2/emc/global/noscrub/Lin.Gan/git/feature-ops-wcoss2/ecf/scripts/./gfs/atmos/post/jgfs_atmos_post_f276.ecf
++ diff /lfs/h1/ops/prod/packages/gfs.v16.2.0/ecf/scripts/./gfs/atmos/post/jgfs_atmos_post_f279.ecf /lfs/h2/emc/global/noscrub/Lin.Gan/git/feature-ops-wcoss2/ecf/scripts/./gfs/atmos/post/jgfs_atmos_post_f279.ecf
++ diff /lfs/h1/ops/prod/packages/gfs.v16.2.0/ecf/scripts/./gfs/atmos/post/jgfs_atmos_post_f067.ecf /lfs/h2/emc/global/noscrub/Lin.Gan/git/feature-ops-wcoss2/ecf/scripts/./gfs/atmos/post/jgfs_atmos_post_f067.ecf
++ diff /lfs/h1/ops/prod/packages/gfs.v16.2.0/ecf/scripts/./gfs/atmos/post/jgfs_atmos_post_f061.ecf /lfs/h2/emc/global/noscrub/Lin.Gan/git/feature-ops-wcoss2/ecf/scripts/./gfs/atmos/post/jgfs_atmos_post_f061.ecf
++ diff /lfs/h1/ops/prod/packages/gfs.v16.2.0/ecf/scripts/./gfs/atmos/post/jgfs_atmos_post_f315.ecf /lfs/h2/emc/global/noscrub/Lin.Gan/git/feature-ops-wcoss2/ecf/scripts/./gfs/atmos/post/jgfs_atmos_post_f315.ecf
++ diff /lfs/h1/ops/prod/packages/gfs.v16.2.0/ecf/scripts/./gfs/atmos/post/jgfs_atmos_post_f033.ecf /lfs/h2/emc/global/noscrub/Lin.Gan/git/feature-ops-wcoss2/ecf/scripts/./gfs/atmos/post/jgfs_atmos_post_f033.ecf
++ diff /lfs/h1/ops/prod/packages/gfs.v16.2.0/ecf/scripts/./gfs/atmos/post/jgfs_atmos_post_f306.ecf /lfs/h2/emc/global/noscrub/Lin.Gan/git/feature-ops-wcoss2/ecf/scripts/./gfs/atmos/post/jgfs_atmos_post_f306.ecf
++ diff /lfs/h1/ops/prod/packages/gfs.v16.2.0/ecf/scripts/./gfs/atmos/post/jgfs_atmos_post_f201.ecf /lfs/h2/emc/global/noscrub/Lin.Gan/git/feature-ops-wcoss2/ecf/scripts/./gfs/atmos/post/jgfs_atmos_post_f201.ecf
++ diff /lfs/h1/ops/prod/packages/gfs.v16.2.0/ecf/scripts/./gfs/atmos/post/jgfs_atmos_post_f032.ecf /lfs/h2/emc/global/noscrub/Lin.Gan/git/feature-ops-wcoss2/ecf/scripts/./gfs/atmos/post/jgfs_atmos_post_f032.ecf
++ diff /lfs/h1/ops/prod/packages/gfs.v16.2.0/ecf/scripts/./gfs/atmos/post/jgfs_atmos_post_f207.ecf /lfs/h2/emc/global/noscrub/Lin.Gan/git/feature-ops-wcoss2/ecf/scripts/./gfs/atmos/post/jgfs_atmos_post_f207.ecf
++ diff /lfs/h1/ops/prod/packages/gfs.v16.2.0/ecf/scripts/./gfs/atmos/post/jgfs_atmos_post_f062.ecf /lfs/h2/emc/global/noscrub/Lin.Gan/git/feature-ops-wcoss2/ecf/scripts/./gfs/atmos/post/jgfs_atmos_post_f062.ecf
++ diff /lfs/h1/ops/prod/packages/gfs.v16.2.0/ecf/scripts/./gfs/atmos/post/jgfs_atmos_post_f056.ecf /lfs/h2/emc/global/noscrub/Lin.Gan/git/feature-ops-wcoss2/ecf/scripts/./gfs/atmos/post/jgfs_atmos_post_f056.ecf
++ diff /lfs/h1/ops/prod/packages/gfs.v16.2.0/ecf/scripts/./gfs/atmos/post/jgfs_atmos_post_f073.ecf /lfs/h2/emc/global/noscrub/Lin.Gan/git/feature-ops-wcoss2/ecf/scripts/./gfs/atmos/post/jgfs_atmos_post_f073.ecf
++ diff /lfs/h1/ops/prod/packages/gfs.v16.2.0/ecf/scripts/./gfs/atmos/post/jgfs_atmos_post_f291.ecf /lfs/h2/emc/global/noscrub/Lin.Gan/git/feature-ops-wcoss2/ecf/scripts/./gfs/atmos/post/jgfs_atmos_post_f291.ecf
++ diff /lfs/h1/ops/prod/packages/gfs.v16.2.0/ecf/scripts/./gfs/atmos/post/jgfs_atmos_post_f091.ecf /lfs/h2/emc/global/noscrub/Lin.Gan/git/feature-ops-wcoss2/ecf/scripts/./gfs/atmos/post/jgfs_atmos_post_f091.ecf
++ diff /lfs/h1/ops/prod/packages/gfs.v16.2.0/ecf/scripts/./gfs/atmos/post/jgfs_atmos_post_f066.ecf /lfs/h2/emc/global/noscrub/Lin.Gan/git/feature-ops-wcoss2/ecf/scripts/./gfs/atmos/post/jgfs_atmos_post_f066.ecf
++ diff /lfs/h1/ops/prod/packages/gfs.v16.2.0/ecf/scripts/./gfs/atmos/post/jgfs_atmos_post_f090.ecf /lfs/h2/emc/global/noscrub/Lin.Gan/git/feature-ops-wcoss2/ecf/scripts/./gfs/atmos/post/jgfs_atmos_post_f090.ecf
++ diff /lfs/h1/ops/prod/packages/gfs.v16.2.0/ecf/scripts/./gfs/atmos/post/jgfs_atmos_post_f110.ecf /lfs/h2/emc/global/noscrub/Lin.Gan/git/feature-ops-wcoss2/ecf/scripts/./gfs/atmos/post/jgfs_atmos_post_f110.ecf
++ diff /lfs/h1/ops/prod/packages/gfs.v16.2.0/ecf/scripts/./gfs/atmos/post/jgfs_atmos_post_f082.ecf /lfs/h2/emc/global/noscrub/Lin.Gan/git/feature-ops-wcoss2/ecf/scripts/./gfs/atmos/post/jgfs_atmos_post_f082.ecf
++ diff /lfs/h1/ops/prod/packages/gfs.v16.2.0/ecf/scripts/./gfs/atmos/post/jgfs_atmos_post_f020.ecf /lfs/h2/emc/global/noscrub/Lin.Gan/git/feature-ops-wcoss2/ecf/scripts/./gfs/atmos/post/jgfs_atmos_post_f020.ecf
++ diff /lfs/h1/ops/prod/packages/gfs.v16.2.0/ecf/scripts/./gfs/atmos/post/jgfs_atmos_post_f059.ecf /lfs/h2/emc/global/noscrub/Lin.Gan/git/feature-ops-wcoss2/ecf/scripts/./gfs/atmos/post/jgfs_atmos_post_f059.ecf
++ diff /lfs/h1/ops/prod/packages/gfs.v16.2.0/ecf/scripts/./gfs/atmos/post/jgfs_atmos_post_f048.ecf /lfs/h2/emc/global/noscrub/Lin.Gan/git/feature-ops-wcoss2/ecf/scripts/./gfs/atmos/post/jgfs_atmos_post_f048.ecf
++ diff /lfs/h1/ops/prod/packages/gfs.v16.2.0/ecf/scripts/./gfs/atmos/post/jgfs_atmos_post_f120.ecf /lfs/h2/emc/global/noscrub/Lin.Gan/git/feature-ops-wcoss2/ecf/scripts/./gfs/atmos/post/jgfs_atmos_post_f120.ecf
++ diff /lfs/h1/ops/prod/packages/gfs.v16.2.0/ecf/scripts/./gfs/atmos/post/jgfs_atmos_post_f369.ecf /lfs/h2/emc/global/noscrub/Lin.Gan/git/feature-ops-wcoss2/ecf/scripts/./gfs/atmos/post/jgfs_atmos_post_f369.ecf
++ diff /lfs/h1/ops/prod/packages/gfs.v16.2.0/ecf/scripts/./gfs/atmos/post/jgfs_atmos_post_f068.ecf /lfs/h2/emc/global/noscrub/Lin.Gan/git/feature-ops-wcoss2/ecf/scripts/./gfs/atmos/post/jgfs_atmos_post_f068.ecf
++ diff /lfs/h1/ops/prod/packages/gfs.v16.2.0/ecf/scripts/./gfs/atmos/post/jgfs_atmos_post_f009.ecf /lfs/h2/emc/global/noscrub/Lin.Gan/git/feature-ops-wcoss2/ecf/scripts/./gfs/atmos/post/jgfs_atmos_post_f009.ecf
++ diff /lfs/h1/ops/prod/packages/gfs.v16.2.0/ecf/scripts/./gfs/atmos/post/jgfs_atmos_post_f098.ecf /lfs/h2/emc/global/noscrub/Lin.Gan/git/feature-ops-wcoss2/ecf/scripts/./gfs/atmos/post/jgfs_atmos_post_f098.ecf
++ diff /lfs/h1/ops/prod/packages/gfs.v16.2.0/ecf/scripts/./gfs/atmos/post/jgfs_atmos_post_f040.ecf /lfs/h2/emc/global/noscrub/Lin.Gan/git/feature-ops-wcoss2/ecf/scripts/./gfs/atmos/post/jgfs_atmos_post_f040.ecf
++ diff /lfs/h1/ops/prod/packages/gfs.v16.2.0/ecf/scripts/./gfs/atmos/post/jgfs_atmos_post_f114.ecf /lfs/h2/emc/global/noscrub/Lin.Gan/git/feature-ops-wcoss2/ecf/scripts/./gfs/atmos/post/jgfs_atmos_post_f114.ecf
++ diff /lfs/h1/ops/prod/packages/gfs.v16.2.0/ecf/scripts/./gfs/atmos/post/jgfs_atmos_post_f064.ecf /lfs/h2/emc/global/noscrub/Lin.Gan/git/feature-ops-wcoss2/ecf/scripts/./gfs/atmos/post/jgfs_atmos_post_f064.ecf
++ diff /lfs/h1/ops/prod/packages/gfs.v16.2.0/ecf/scripts/./gfs/atmos/post/jgfs_atmos_post_f014.ecf /lfs/h2/emc/global/noscrub/Lin.Gan/git/feature-ops-wcoss2/ecf/scripts/./gfs/atmos/post/jgfs_atmos_post_f014.ecf
++ diff /lfs/h1/ops/prod/packages/gfs.v16.2.0/ecf/scripts/./gfs/atmos/post/jgfs_atmos_post_f015.ecf /lfs/h2/emc/global/noscrub/Lin.Gan/git/feature-ops-wcoss2/ecf/scripts/./gfs/atmos/post/jgfs_atmos_post_f015.ecf
++ diff /lfs/h1/ops/prod/packages/gfs.v16.2.0/ecf/scripts/./gfs/atmos/post/jgfs_atmos_post_f195.ecf /lfs/h2/emc/global/noscrub/Lin.Gan/git/feature-ops-wcoss2/ecf/scripts/./gfs/atmos/post/jgfs_atmos_post_f195.ecf
++ diff /lfs/h1/ops/prod/packages/gfs.v16.2.0/ecf/scripts/./gfs/atmos/post/jgfs_atmos_post_f089.ecf /lfs/h2/emc/global/noscrub/Lin.Gan/git/feature-ops-wcoss2/ecf/scripts/./gfs/atmos/post/jgfs_atmos_post_f089.ecf
++ diff /lfs/h1/ops/prod/packages/gfs.v16.2.0/ecf/scripts/./gfs/atmos/post/jgfs_atmos_post_f038.ecf /lfs/h2/emc/global/noscrub/Lin.Gan/git/feature-ops-wcoss2/ecf/scripts/./gfs/atmos/post/jgfs_atmos_post_f038.ecf
++ diff /lfs/h1/ops/prod/packages/gfs.v16.2.0/ecf/scripts/./gfs/atmos/post/jgfs_atmos_post_f092.ecf /lfs/h2/emc/global/noscrub/Lin.Gan/git/feature-ops-wcoss2/ecf/scripts/./gfs/atmos/post/jgfs_atmos_post_f092.ecf
++ diff /lfs/h1/ops/prod/packages/gfs.v16.2.0/ecf/scripts/./gfs/atmos/post/jgfs_atmos_post_f108.ecf /lfs/h2/emc/global/noscrub/Lin.Gan/git/feature-ops-wcoss2/ecf/scripts/./gfs/atmos/post/jgfs_atmos_post_f108.ecf
++ diff /lfs/h1/ops/prod/packages/gfs.v16.2.0/ecf/scripts/./gfs/atmos/post/jgfs_atmos_post_f017.ecf /lfs/h2/emc/global/noscrub/Lin.Gan/git/feature-ops-wcoss2/ecf/scripts/./gfs/atmos/post/jgfs_atmos_post_f017.ecf
++ diff /lfs/h1/ops/prod/packages/gfs.v16.2.0/ecf/scripts/./gfs/atmos/post/jgfs_atmos_post_f333.ecf /lfs/h2/emc/global/noscrub/Lin.Gan/git/feature-ops-wcoss2/ecf/scripts/./gfs/atmos/post/jgfs_atmos_post_f333.ecf
++ diff /lfs/h1/ops/prod/packages/gfs.v16.2.0/ecf/scripts/./gfs/atmos/post/jgfs_atmos_post_f339.ecf /lfs/h2/emc/global/noscrub/Lin.Gan/git/feature-ops-wcoss2/ecf/scripts/./gfs/atmos/post/jgfs_atmos_post_f339.ecf
++ diff /lfs/h1/ops/prod/packages/gfs.v16.2.0/ecf/scripts/./gfs/atmos/post/jgfs_atmos_post_f013.ecf /lfs/h2/emc/global/noscrub/Lin.Gan/git/feature-ops-wcoss2/ecf/scripts/./gfs/atmos/post/jgfs_atmos_post_f013.ecf
++ diff /lfs/h1/ops/prod/packages/gfs.v16.2.0/ecf/scripts/./gfs/atmos/post/jgfs_atmos_post_f204.ecf /lfs/h2/emc/global/noscrub/Lin.Gan/git/feature-ops-wcoss2/ecf/scripts/./gfs/atmos/post/jgfs_atmos_post_f204.ecf
++ diff /lfs/h1/ops/prod/packages/gfs.v16.2.0/ecf/scripts/./gfs/atmos/post/jgfs_atmos_post_f085.ecf /lfs/h2/emc/global/noscrub/Lin.Gan/git/feature-ops-wcoss2/ecf/scripts/./gfs/atmos/post/jgfs_atmos_post_f085.ecf
++ diff /lfs/h1/ops/prod/packages/gfs.v16.2.0/ecf/scripts/./gfs/atmos/post/jgfs_atmos_post_f057.ecf /lfs/h2/emc/global/noscrub/Lin.Gan/git/feature-ops-wcoss2/ecf/scripts/./gfs/atmos/post/jgfs_atmos_post_f057.ecf
++ diff /lfs/h1/ops/prod/packages/gfs.v16.2.0/ecf/scripts/./gfs/atmos/post/jgfs_atmos_post_f360.ecf /lfs/h2/emc/global/noscrub/Lin.Gan/git/feature-ops-wcoss2/ecf/scripts/./gfs/atmos/post/jgfs_atmos_post_f360.ecf
++ diff /lfs/h1/ops/prod/packages/gfs.v16.2.0/ecf/scripts/./gfs/atmos/post/jgfs_atmos_post_f049.ecf /lfs/h2/emc/global/noscrub/Lin.Gan/git/feature-ops-wcoss2/ecf/scripts/./gfs/atmos/post/jgfs_atmos_post_f049.ecf
++ diff /lfs/h1/ops/prod/packages/gfs.v16.2.0/ecf/scripts/./gfs/atmos/post/jgfs_atmos_post_f116.ecf /lfs/h2/emc/global/noscrub/Lin.Gan/git/feature-ops-wcoss2/ecf/scripts/./gfs/atmos/post/jgfs_atmos_post_f116.ecf
++ diff /lfs/h1/ops/prod/packages/gfs.v16.2.0/ecf/scripts/./gfs/atmos/post/jgfs_atmos_post_f216.ecf /lfs/h2/emc/global/noscrub/Lin.Gan/git/feature-ops-wcoss2/ecf/scripts/./gfs/atmos/post/jgfs_atmos_post_f216.ecf
++ diff /lfs/h1/ops/prod/packages/gfs.v16.2.0/ecf/scripts/./gfs/atmos/post/jgfs_atmos_post_f036.ecf /lfs/h2/emc/global/noscrub/Lin.Gan/git/feature-ops-wcoss2/ecf/scripts/./gfs/atmos/post/jgfs_atmos_post_f036.ecf
++ diff /lfs/h1/ops/prod/packages/gfs.v16.2.0/ecf/scripts/./gfs/atmos/post/jgfs_atmos_post_f106.ecf /lfs/h2/emc/global/noscrub/Lin.Gan/git/feature-ops-wcoss2/ecf/scripts/./gfs/atmos/post/jgfs_atmos_post_f106.ecf
++ diff /lfs/h1/ops/prod/packages/gfs.v16.2.0/ecf/scripts/./gfs/atmos/post/jgfs_atmos_post_f025.ecf /lfs/h2/emc/global/noscrub/Lin.Gan/git/feature-ops-wcoss2/ecf/scripts/./gfs/atmos/post/jgfs_atmos_post_f025.ecf
++ diff /lfs/h1/ops/prod/packages/gfs.v16.2.0/ecf/scripts/./gfs/atmos/post/jgfs_atmos_post_f198.ecf /lfs/h2/emc/global/noscrub/Lin.Gan/git/feature-ops-wcoss2/ecf/scripts/./gfs/atmos/post/jgfs_atmos_post_f198.ecf
++ diff /lfs/h1/ops/prod/packages/gfs.v16.2.0/ecf/scripts/./gfs/atmos/post/jgfs_atmos_post_f099.ecf /lfs/h2/emc/global/noscrub/Lin.Gan/git/feature-ops-wcoss2/ecf/scripts/./gfs/atmos/post/jgfs_atmos_post_f099.ecf
++ diff /lfs/h1/ops/prod/packages/gfs.v16.2.0/ecf/scripts/./gfs/atmos/post/jgfs_atmos_post_f159.ecf /lfs/h2/emc/global/noscrub/Lin.Gan/git/feature-ops-wcoss2/ecf/scripts/./gfs/atmos/post/jgfs_atmos_post_f159.ecf
++ diff /lfs/h1/ops/prod/packages/gfs.v16.2.0/ecf/scripts/./gfs/atmos/post/jgfs_atmos_post_f026.ecf /lfs/h2/emc/global/noscrub/Lin.Gan/git/feature-ops-wcoss2/ecf/scripts/./gfs/atmos/post/jgfs_atmos_post_f026.ecf
++ diff /lfs/h1/ops/prod/packages/gfs.v16.2.0/ecf/scripts/./gfs/atmos/post/jgfs_atmos_post_f079.ecf /lfs/h2/emc/global/noscrub/Lin.Gan/git/feature-ops-wcoss2/ecf/scripts/./gfs/atmos/post/jgfs_atmos_post_f079.ecf
++ diff /lfs/h1/ops/prod/packages/gfs.v16.2.0/ecf/scripts/./gfs/atmos/post/jgfs_atmos_post_f300.ecf /lfs/h2/emc/global/noscrub/Lin.Gan/git/feature-ops-wcoss2/ecf/scripts/./gfs/atmos/post/jgfs_atmos_post_f300.ecf
++ diff /lfs/h1/ops/prod/packages/gfs.v16.2.0/ecf/scripts/./gfs/atmos/post/jgfs_atmos_post_f109.ecf /lfs/h2/emc/global/noscrub/Lin.Gan/git/feature-ops-wcoss2/ecf/scripts/./gfs/atmos/post/jgfs_atmos_post_f109.ecf
++ diff /lfs/h1/ops/prod/packages/gfs.v16.2.0/ecf/scripts/./gfs/atmos/post/jgfs_atmos_post_f072.ecf /lfs/h2/emc/global/noscrub/Lin.Gan/git/feature-ops-wcoss2/ecf/scripts/./gfs/atmos/post/jgfs_atmos_post_f072.ecf
++ diff /lfs/h1/ops/prod/packages/gfs.v16.2.0/ecf/scripts/./gfs/atmos/post/jgfs_atmos_post_f288.ecf /lfs/h2/emc/global/noscrub/Lin.Gan/git/feature-ops-wcoss2/ecf/scripts/./gfs/atmos/post/jgfs_atmos_post_f288.ecf
++ diff /lfs/h1/ops/prod/packages/gfs.v16.2.0/ecf/scripts/./gfs/atmos/post/jgfs_atmos_post_f060.ecf /lfs/h2/emc/global/noscrub/Lin.Gan/git/feature-ops-wcoss2/ecf/scripts/./gfs/atmos/post/jgfs_atmos_post_f060.ecf
++ diff /lfs/h1/ops/prod/packages/gfs.v16.2.0/ecf/scripts/./gfs/atmos/post/jgfs_atmos_post_f342.ecf /lfs/h2/emc/global/noscrub/Lin.Gan/git/feature-ops-wcoss2/ecf/scripts/./gfs/atmos/post/jgfs_atmos_post_f342.ecf
++ diff /lfs/h1/ops/prod/packages/gfs.v16.2.0/ecf/scripts/./gfs/atmos/post/jgfs_atmos_post_f363.ecf /lfs/h2/emc/global/noscrub/Lin.Gan/git/feature-ops-wcoss2/ecf/scripts/./gfs/atmos/post/jgfs_atmos_post_f363.ecf
++ diff /lfs/h1/ops/prod/packages/gfs.v16.2.0/ecf/scripts/./gfs/atmos/post/jgfs_atmos_post_f351.ecf /lfs/h2/emc/global/noscrub/Lin.Gan/git/feature-ops-wcoss2/ecf/scripts/./gfs/atmos/post/jgfs_atmos_post_f351.ecf
++ diff /lfs/h1/ops/prod/packages/gfs.v16.2.0/ecf/scripts/./gfs/atmos/post/jgfs_atmos_post_f249.ecf /lfs/h2/emc/global/noscrub/Lin.Gan/git/feature-ops-wcoss2/ecf/scripts/./gfs/atmos/post/jgfs_atmos_post_f249.ecf
++ diff /lfs/h1/ops/prod/packages/gfs.v16.2.0/ecf/scripts/./gfs/atmos/post/jgfs_atmos_post_f031.ecf /lfs/h2/emc/global/noscrub/Lin.Gan/git/feature-ops-wcoss2/ecf/scripts/./gfs/atmos/post/jgfs_atmos_post_f031.ecf
++ diff /lfs/h1/ops/prod/packages/gfs.v16.2.0/ecf/scripts/./gfs/atmos/post/jgfs_atmos_post_f075.ecf /lfs/h2/emc/global/noscrub/Lin.Gan/git/feature-ops-wcoss2/ecf/scripts/./gfs/atmos/post/jgfs_atmos_post_f075.ecf
++ diff /lfs/h1/ops/prod/packages/gfs.v16.2.0/ecf/scripts/./gfs/atmos/post/jgfs_atmos_post_f171.ecf /lfs/h2/emc/global/noscrub/Lin.Gan/git/feature-ops-wcoss2/ecf/scripts/./gfs/atmos/post/jgfs_atmos_post_f171.ecf
++ diff /lfs/h1/ops/prod/packages/gfs.v16.2.0/ecf/scripts/./gfs/atmos/post/jgfs_atmos_post_f165.ecf /lfs/h2/emc/global/noscrub/Lin.Gan/git/feature-ops-wcoss2/ecf/scripts/./gfs/atmos/post/jgfs_atmos_post_f165.ecf
++ diff /lfs/h1/ops/prod/packages/gfs.v16.2.0/ecf/scripts/./gfs/atmos/post/jgfs_atmos_post_f180.ecf /lfs/h2/emc/global/noscrub/Lin.Gan/git/feature-ops-wcoss2/ecf/scripts/./gfs/atmos/post/jgfs_atmos_post_f180.ecf
++ diff /lfs/h1/ops/prod/packages/gfs.v16.2.0/ecf/scripts/./gfs/atmos/post/jgfs_atmos_post_f045.ecf /lfs/h2/emc/global/noscrub/Lin.Gan/git/feature-ops-wcoss2/ecf/scripts/./gfs/atmos/post/jgfs_atmos_post_f045.ecf
++ diff /lfs/h1/ops/prod/packages/gfs.v16.2.0/ecf/scripts/./gfs/atmos/post/jgfs_atmos_post_f129.ecf /lfs/h2/emc/global/noscrub/Lin.Gan/git/feature-ops-wcoss2/ecf/scripts/./gfs/atmos/post/jgfs_atmos_post_f129.ecf
++ diff /lfs/h1/ops/prod/packages/gfs.v16.2.0/ecf/scripts/./gfs/atmos/post/jgfs_atmos_post_f336.ecf /lfs/h2/emc/global/noscrub/Lin.Gan/git/feature-ops-wcoss2/ecf/scripts/./gfs/atmos/post/jgfs_atmos_post_f336.ecf
++ diff /lfs/h1/ops/prod/packages/gfs.v16.2.0/ecf/scripts/./gfs/atmos/post/jgfs_atmos_post_f044.ecf /lfs/h2/emc/global/noscrub/Lin.Gan/git/feature-ops-wcoss2/ecf/scripts/./gfs/atmos/post/jgfs_atmos_post_f044.ecf
++ diff /lfs/h1/ops/prod/packages/gfs.v16.2.0/ecf/scripts/./gfs/atmos/post/jgfs_atmos_post_f100.ecf /lfs/h2/emc/global/noscrub/Lin.Gan/git/feature-ops-wcoss2/ecf/scripts/./gfs/atmos/post/jgfs_atmos_post_f100.ecf
++ diff /lfs/h1/ops/prod/packages/gfs.v16.2.0/ecf/scripts/./gfs/atmos/post/jgfs_atmos_post_f348.ecf /lfs/h2/emc/global/noscrub/Lin.Gan/git/feature-ops-wcoss2/ecf/scripts/./gfs/atmos/post/jgfs_atmos_post_f348.ecf
++ diff /lfs/h1/ops/prod/packages/gfs.v16.2.0/ecf/scripts/./gfs/atmos/post/jgfs_atmos_post_f088.ecf /lfs/h2/emc/global/noscrub/Lin.Gan/git/feature-ops-wcoss2/ecf/scripts/./gfs/atmos/post/jgfs_atmos_post_f088.ecf
++ diff /lfs/h1/ops/prod/packages/gfs.v16.2.0/ecf/scripts/./gfs/atmos/post/jgfs_atmos_post_f042.ecf /lfs/h2/emc/global/noscrub/Lin.Gan/git/feature-ops-wcoss2/ecf/scripts/./gfs/atmos/post/jgfs_atmos_post_f042.ecf
++ diff /lfs/h1/ops/prod/packages/gfs.v16.2.0/ecf/scripts/./gfs/atmos/post/jgfs_atmos_post_f255.ecf /lfs/h2/emc/global/noscrub/Lin.Gan/git/feature-ops-wcoss2/ecf/scripts/./gfs/atmos/post/jgfs_atmos_post_f255.ecf
++ diff /lfs/h1/ops/prod/packages/gfs.v16.2.0/ecf/scripts/./gfs/atmos/post/jgfs_atmos_post_f258.ecf /lfs/h2/emc/global/noscrub/Lin.Gan/git/feature-ops-wcoss2/ecf/scripts/./gfs/atmos/post/jgfs_atmos_post_f258.ecf
++ diff /lfs/h1/ops/prod/packages/gfs.v16.2.0/ecf/scripts/./gfs/atmos/post/jgfs_atmos_post_f123.ecf /lfs/h2/emc/global/noscrub/Lin.Gan/git/feature-ops-wcoss2/ecf/scripts/./gfs/atmos/post/jgfs_atmos_post_f123.ecf
++ diff /lfs/h1/ops/prod/packages/gfs.v16.2.0/ecf/scripts/./gfs/atmos/post/jgfs_atmos_post_f312.ecf /lfs/h2/emc/global/noscrub/Lin.Gan/git/feature-ops-wcoss2/ecf/scripts/./gfs/atmos/post/jgfs_atmos_post_f312.ecf
++ diff /lfs/h1/ops/prod/packages/gfs.v16.2.0/ecf/scripts/./gfs/atmos/post/jgfs_atmos_post_f006.ecf /lfs/h2/emc/global/noscrub/Lin.Gan/git/feature-ops-wcoss2/ecf/scripts/./gfs/atmos/post/jgfs_atmos_post_f006.ecf
++ diff /lfs/h1/ops/prod/packages/gfs.v16.2.0/ecf/scripts/./gfs/atmos/post/jgfs_atmos_post_f189.ecf /lfs/h2/emc/global/noscrub/Lin.Gan/git/feature-ops-wcoss2/ecf/scripts/./gfs/atmos/post/jgfs_atmos_post_f189.ecf
++ diff /lfs/h1/ops/prod/packages/gfs.v16.2.0/ecf/scripts/./gfs/atmos/post/jgfs_atmos_post_f324.ecf /lfs/h2/emc/global/noscrub/Lin.Gan/git/feature-ops-wcoss2/ecf/scripts/./gfs/atmos/post/jgfs_atmos_post_f324.ecf
++ diff /lfs/h1/ops/prod/packages/gfs.v16.2.0/ecf/scripts/./gfs/atmos/post/jgfs_atmos_post_f070.ecf /lfs/h2/emc/global/noscrub/Lin.Gan/git/feature-ops-wcoss2/ecf/scripts/./gfs/atmos/post/jgfs_atmos_post_f070.ecf
++ diff /lfs/h1/ops/prod/packages/gfs.v16.2.0/ecf/scripts/./gfs/atmos/post/jgfs_atmos_post_f035.ecf /lfs/h2/emc/global/noscrub/Lin.Gan/git/feature-ops-wcoss2/ecf/scripts/./gfs/atmos/post/jgfs_atmos_post_f035.ecf
++ diff /lfs/h1/ops/prod/packages/gfs.v16.2.0/ecf/scripts/./gfs/atmos/post/jgfs_atmos_post_f084.ecf /lfs/h2/emc/global/noscrub/Lin.Gan/git/feature-ops-wcoss2/ecf/scripts/./gfs/atmos/post/jgfs_atmos_post_f084.ecf
++ diff /lfs/h1/ops/prod/packages/gfs.v16.2.0/ecf/scripts/./gfs/atmos/post/jgfs_atmos_post_f186.ecf /lfs/h2/emc/global/noscrub/Lin.Gan/git/feature-ops-wcoss2/ecf/scripts/./gfs/atmos/post/jgfs_atmos_post_f186.ecf
++ diff /lfs/h1/ops/prod/packages/gfs.v16.2.0/ecf/scripts/./gfs/atmos/post/jgfs_atmos_post_f083.ecf /lfs/h2/emc/global/noscrub/Lin.Gan/git/feature-ops-wcoss2/ecf/scripts/./gfs/atmos/post/jgfs_atmos_post_f083.ecf
++ diff /lfs/h1/ops/prod/packages/gfs.v16.2.0/ecf/scripts/./gfs/atmos/post/jgfs_atmos_post_f003.ecf /lfs/h2/emc/global/noscrub/Lin.Gan/git/feature-ops-wcoss2/ecf/scripts/./gfs/atmos/post/jgfs_atmos_post_f003.ecf
++ diff /lfs/h1/ops/prod/packages/gfs.v16.2.0/ecf/scripts/./gfs/atmos/post/jgfs_atmos_post_f096.ecf /lfs/h2/emc/global/noscrub/Lin.Gan/git/feature-ops-wcoss2/ecf/scripts/./gfs/atmos/post/jgfs_atmos_post_f096.ecf
++ diff /lfs/h1/ops/prod/packages/gfs.v16.2.0/ecf/scripts/./gfs/atmos/post/jgfs_atmos_post_f094.ecf /lfs/h2/emc/global/noscrub/Lin.Gan/git/feature-ops-wcoss2/ecf/scripts/./gfs/atmos/post/jgfs_atmos_post_f094.ecf
++ diff /lfs/h1/ops/prod/packages/gfs.v16.2.0/ecf/scripts/./gfs/atmos/post/jgfs_atmos_post_f231.ecf /lfs/h2/emc/global/noscrub/Lin.Gan/git/feature-ops-wcoss2/ecf/scripts/./gfs/atmos/post/jgfs_atmos_post_f231.ecf
++ diff /lfs/h1/ops/prod/packages/gfs.v16.2.0/ecf/scripts/./gfs/atmos/post/jgfs_atmos_post_f213.ecf /lfs/h2/emc/global/noscrub/Lin.Gan/git/feature-ops-wcoss2/ecf/scripts/./gfs/atmos/post/jgfs_atmos_post_f213.ecf
++ diff /lfs/h1/ops/prod/packages/gfs.v16.2.0/ecf/scripts/./gfs/atmos/post/jgfs_atmos_post_f097.ecf /lfs/h2/emc/global/noscrub/Lin.Gan/git/feature-ops-wcoss2/ecf/scripts/./gfs/atmos/post/jgfs_atmos_post_f097.ecf
++ diff /lfs/h1/ops/prod/packages/gfs.v16.2.0/ecf/scripts/./gfs/atmos/post/jgfs_atmos_post_f002.ecf /lfs/h2/emc/global/noscrub/Lin.Gan/git/feature-ops-wcoss2/ecf/scripts/./gfs/atmos/post/jgfs_atmos_post_f002.ecf
++ diff /lfs/h1/ops/prod/packages/gfs.v16.2.0/ecf/scripts/./gfs/atmos/post/jgfs_atmos_post_f028.ecf /lfs/h2/emc/global/noscrub/Lin.Gan/git/feature-ops-wcoss2/ecf/scripts/./gfs/atmos/post/jgfs_atmos_post_f028.ecf
++ diff /lfs/h1/ops/prod/packages/gfs.v16.2.0/ecf/scripts/./gfs/atmos/post/jgfs_atmos_post_f103.ecf /lfs/h2/emc/global/noscrub/Lin.Gan/git/feature-ops-wcoss2/ecf/scripts/./gfs/atmos/post/jgfs_atmos_post_f103.ecf
++ diff /lfs/h1/ops/prod/packages/gfs.v16.2.0/ecf/scripts/./gfs/atmos/post/jgfs_atmos_post_f309.ecf /lfs/h2/emc/global/noscrub/Lin.Gan/git/feature-ops-wcoss2/ecf/scripts/./gfs/atmos/post/jgfs_atmos_post_f309.ecf
++ diff /lfs/h1/ops/prod/packages/gfs.v16.2.0/ecf/scripts/./gfs/atmos/post/jgfs_atmos_post_f052.ecf /lfs/h2/emc/global/noscrub/Lin.Gan/git/feature-ops-wcoss2/ecf/scripts/./gfs/atmos/post/jgfs_atmos_post_f052.ecf
++ diff /lfs/h1/ops/prod/packages/gfs.v16.2.0/ecf/scripts/./gfs/atmos/post/jgfs_atmos_post_f183.ecf /lfs/h2/emc/global/noscrub/Lin.Gan/git/feature-ops-wcoss2/ecf/scripts/./gfs/atmos/post/jgfs_atmos_post_f183.ecf
++ diff /lfs/h1/ops/prod/packages/gfs.v16.2.0/ecf/scripts/./gfs/atmos/post/jgfs_atmos_post_f043.ecf /lfs/h2/emc/global/noscrub/Lin.Gan/git/feature-ops-wcoss2/ecf/scripts/./gfs/atmos/post/jgfs_atmos_post_f043.ecf
++ diff /lfs/h1/ops/prod/packages/gfs.v16.2.0/ecf/scripts/./gfs/atmos/post/jgfs_atmos_post_f372.ecf /lfs/h2/emc/global/noscrub/Lin.Gan/git/feature-ops-wcoss2/ecf/scripts/./gfs/atmos/post/jgfs_atmos_post_f372.ecf
++ diff /lfs/h1/ops/prod/packages/gfs.v16.2.0/ecf/scripts/./gfs/atmos/post/jgfs_atmos_post_f113.ecf /lfs/h2/emc/global/noscrub/Lin.Gan/git/feature-ops-wcoss2/ecf/scripts/./gfs/atmos/post/jgfs_atmos_post_f113.ecf
++ diff /lfs/h1/ops/prod/packages/gfs.v16.2.0/ecf/scripts/./gfs/atmos/post/jgfs_atmos_post_f105.ecf /lfs/h2/emc/global/noscrub/Lin.Gan/git/feature-ops-wcoss2/ecf/scripts/./gfs/atmos/post/jgfs_atmos_post_f105.ecf
++ diff /lfs/h1/ops/prod/packages/gfs.v16.2.0/ecf/scripts/./gfs/atmos/post/jgfs_atmos_post_f384.ecf /lfs/h2/emc/global/noscrub/Lin.Gan/git/feature-ops-wcoss2/ecf/scripts/./gfs/atmos/post/jgfs_atmos_post_f384.ecf
++ diff /lfs/h1/ops/prod/packages/gfs.v16.2.0/ecf/scripts/./gfs/atmos/post/jgfs_atmos_post_manager.ecf /lfs/h2/emc/global/noscrub/Lin.Gan/git/feature-ops-wcoss2/ecf/scripts/./gfs/atmos/post/jgfs_atmos_post_manager.ecf
28d27
< export USE_CFP=YES
++ diff /lfs/h1/ops/prod/packages/gfs.v16.2.0/ecf/scripts/./gfs/atmos/post/jgfs_atmos_post_f132.ecf /lfs/h2/emc/global/noscrub/Lin.Gan/git/feature-ops-wcoss2/ecf/scripts/./gfs/atmos/post/jgfs_atmos_post_f132.ecf
++ diff /lfs/h1/ops/prod/packages/gfs.v16.2.0/ecf/scripts/./gfs/atmos/post/jgfs_atmos_post_f240.ecf /lfs/h2/emc/global/noscrub/Lin.Gan/git/feature-ops-wcoss2/ecf/scripts/./gfs/atmos/post/jgfs_atmos_post_f240.ecf
++ diff /lfs/h1/ops/prod/packages/gfs.v16.2.0/ecf/scripts/./gfs/atmos/post/jgfs_atmos_post_f080.ecf /lfs/h2/emc/global/noscrub/Lin.Gan/git/feature-ops-wcoss2/ecf/scripts/./gfs/atmos/post/jgfs_atmos_post_f080.ecf
++ diff /lfs/h1/ops/prod/packages/gfs.v16.2.0/ecf/scripts/./gfs/atmos/post/jgfs_atmos_post_f041.ecf /lfs/h2/emc/global/noscrub/Lin.Gan/git/feature-ops-wcoss2/ecf/scripts/./gfs/atmos/post/jgfs_atmos_post_f041.ecf
++ diff /lfs/h1/ops/prod/packages/gfs.v16.2.0/ecf/scripts/./gfs/atmos/post/jgfs_atmos_post_f081.ecf /lfs/h2/emc/global/noscrub/Lin.Gan/git/feature-ops-wcoss2/ecf/scripts/./gfs/atmos/post/jgfs_atmos_post_f081.ecf
++ diff /lfs/h1/ops/prod/packages/gfs.v16.2.0/ecf/scripts/./gfs/atmos/post/jgfs_atmos_post_f004.ecf /lfs/h2/emc/global/noscrub/Lin.Gan/git/feature-ops-wcoss2/ecf/scripts/./gfs/atmos/post/jgfs_atmos_post_f004.ecf
++ diff /lfs/h1/ops/prod/packages/gfs.v16.2.0/ecf/scripts/./gfs/atmos/gempak/jgfs_atmos_gempak_meta.ecf /lfs/h2/emc/global/noscrub/Lin.Gan/git/feature-ops-wcoss2/ecf/scripts/./gfs/atmos/gempak/jgfs_atmos_gempak_meta.ecf
30,31c30,31
< module load libjpeg/${libjpeg_ver}
< module load grib_util/${grib_util_ver}
---
> #module load libjpeg/${libjpeg_ver}
> #module load grib_util/${grib_util_ver}
40a41,47
> 
> #### EMC developer only
> COMPONENT=atmos
> export COMIN=${COMIN:-$(compath.py -o ${envir}/${NET}/${gfs_ver})/${RUN}.${PDY}/${cyc}/$COMPONENT/gempak}
> export COMOUT=${COMOUT:-$(compath.py -o ${envir}/${NET}/${gfs_ver})/${RUN}.${PDY}/${cyc}/$COMPONENT/gempak/meta}
> export COMINgempak=${COMINgempak:-$(compath.py -o ${envir}/${NET}/${gfs_ver})}
> ####
++ diff /lfs/h1/ops/prod/packages/gfs.v16.2.0/ecf/scripts/./gfs/atmos/gempak/jgfs_atmos_gempak.ecf /lfs/h2/emc/global/noscrub/Lin.Gan/git/feature-ops-wcoss2/ecf/scripts/./gfs/atmos/gempak/jgfs_atmos_gempak.ecf
30,31c30,31
< module load libjpeg/${libjpeg_ver}
< module load grib_util/${grib_util_ver}
---
> #module load libjpeg/${libjpeg_ver}
> #module load grib_util/${grib_util_ver}
41c41,46
< export USE_CFP=YES
---
> 
> #### EMC developer only
> COMPONENT=atmos
> export COMIN=${COMIN:-$(compath.py -o ${envir}/${NET}/${gfs_ver})/${RUN}.${PDY}/${cyc}/$COMPONENT}
> export COMOUT=${COMOUT:-$(compath.py -o ${envir}/${NET}/${gfs_ver})/${RUN}.${PDY}/${cyc}/$COMPONENT/gempak}
> ####
++ diff /lfs/h1/ops/prod/packages/gfs.v16.2.0/ecf/scripts/./gfs/atmos/gempak/jgfs_atmos_pgrb2_spec_gempak.ecf /lfs/h2/emc/global/noscrub/Lin.Gan/git/feature-ops-wcoss2/ecf/scripts/./gfs/atmos/gempak/jgfs_atmos_pgrb2_spec_gempak.ecf
28c28
< module load cfp/${cfp_ver}
---
> #module load cfp/${cfp_ver}
30,31c30,31
< module load libjpeg/${libjpeg_ver}
< module load grib_util/${grib_util_ver}
---
> #module load libjpeg/${libjpeg_ver}
> #module load grib_util/${grib_util_ver}
40c40,45
< export USE_CFP=YES
---
> 
> #### EMC developer only
> COMPONENT=atmos
> export COMIN=${COMIN:-$(compath.py -o ${envir}/${NET}/${gfs_ver})/${RUN}.${PDY}/${cyc}/$COMPONENT}
> export COMOUT=${COMOUT:-$(compath.py -o ${envir}/${NET}/${gfs_ver})/${RUN}.${PDY}/${cyc}/$COMPONENT/gempak}
> ####
++ diff /lfs/h1/ops/prod/packages/gfs.v16.2.0/ecf/scripts/./gfs/atmos/gempak/jgfs_atmos_npoess_pgrb2_0p5deg.ecf /lfs/h2/emc/global/noscrub/Lin.Gan/git/feature-ops-wcoss2/ecf/scripts/./gfs/atmos/gempak/jgfs_atmos_npoess_pgrb2_0p5deg.ecf
26,28c26,28
< module load cfp/${cfp_ver}
< module load libjpeg/${libjpeg_ver}
< module load grib_util/${grib_util_ver}
---
> #module load cfp/${cfp_ver}
> #module load libjpeg/${libjpeg_ver}
> #module load grib_util/${grib_util_ver}
38c38,43
< export USE_CFP=YES
---
> 
> #### EMC developer only
> COMPONENT=atmos
> export COMIN=${COMIN:-$(compath.py -o ${envir}/${NET}/${gfs_ver})/${RUN}.${PDY}/${cyc}/$COMPONENT}
> export COMOUT=${COMOUT:-$(compath.py -o ${envir}/${NET}/${gfs_ver})/${RUN}.${PDY}/${cyc}/$COMPONENT}
> ####
++ diff /lfs/h1/ops/prod/packages/gfs.v16.2.0/ecf/scripts/./gfs/atmos/gempak/jgfs_atmos_gempak_ncdc_upapgif.ecf /lfs/h2/emc/global/noscrub/Lin.Gan/git/feature-ops-wcoss2/ecf/scripts/./gfs/atmos/gempak/jgfs_atmos_gempak_ncdc_upapgif.ecf
26c26
< module load cfp/${cfp_ver}
---
> #module load cfp/${cfp_ver}
28,29c28,29
< module load libjpeg/${libjpeg_ver}
< module load grib_util/${grib_util_ver}
---
> #module load libjpeg/${libjpeg_ver}
> #module load grib_util/${grib_util_ver}
39c39,45
< export USE_CFP=YES
---
> 
> #### EMC developer only
> COMPONENT=atmos
> export COMIN=${COMIN:-$(compath.py -o ${envir}/${NET}/${gfs_ver})/${RUN}.${PDY}/${cyc}/$COMPONENT/gempak}
> export COMINgfs=${COMINgfs:-$(compath.py -o ${envir}/${NET}/${gfs_ver}/${RUN}.${PDY})/${cyc}/$COMPONENT}
> export COMOUT=${COMOUT:-$(compath.py -o ${envir}/${NET}/${gfs_ver})/${RUN}.${PDY}/${cyc}/$COMPONENT}
> ####
